District,Governorate,elec_instability,network_primary,net_instability,sewer_prob,refuse_index,street_light,street_light_02,street_light_change,pub_garbage,police_d,pub_serv_d,phone_index,road_qual,kid_safety,clan_ties,jamiyya,pub_serv_in,damage,renters,wealthin,inc_2003,inc_2004,inc_2002,inc_2003_qcap,inc_2004_qcap,inc_2002_qcap,dif_02_03,dif_03_04,dif_02_04,inc_dd,dif_02_03_qcap,dif_03_04_qcap,dif_02_04_qcap,inc_dd_qcap,missing,share_generator,percent_grid,victim,relatives,coalition,police,community,militia,nobody,hh_count
Abu Al-Khaseeb,Basrah,2.4182725,.000044556007,2.4182725,2.282829,3.8585398,1.1150925,1.1735046,-.058412105,.19111298,1.6658823,.19543883,.39187366,3.5573635,3.4055536,2.2573555,1,8.6319323,.11404312,5.4211359,7.6624746,2789838.802221371,135043.6600148097,1272125.540034019,3.6870494,3.7171023,2.9385393,1531521.3,764053.19,2273287.3,-761519,.74438167,.030052692,.77483082,-.71393251,.0768245256852234,.0176084005176269,22443.66207885742,.0192782867824186,.4809709857834283,.0192782867824186,.8196888033389713,.0193215755119394,0,.0385565735648372,22443.66207885742
Abu Ghraib,Baghdad,4.0997367,.000055773962,4.0997367,3,4.5234346,1,1.2186565,-.21865657,0,3.0223596,.12868112,.30039403,2.6218252,3.575422,2.5864661,1.0826728,6.6278462,.11233027,1.5893219,9.2474337,3373541.023539898,162587.2737364151,2844952.054244245,3.116102,3.3667195,3.849251,497090.09,985079.06,953928.94,235454.28,-.69615406,.26792687,-.53575146,.88876837,.025030378622015,.1606272786838782,17929.51370239258,0,.7929132534058043,.0315121280323549,.6821376672692251,.0681111092265234,0,0,17929.51370239258
Adhamiya,Baghdad,4.0672851,7.7181330e-06,4.0672851,1.7130358,3.9497442,1.566095,1.7331442,-.1618675,.59682506,1.658839,.17059553,.82540113,4.6465883,2.8323226,2.0685158,1.0149845,9.493968,.12727419,3.4114716,9.7164392,2844000.594248262,144519.9210935642,1885694.884879997,3.2227716,3.4168351,3.4654422,798856.69,973497.13,1797486.3,208417.38,-.23018135,.18606056,-.025190201,.41710946,.0624233672309857,.1585312687659804,125865.8937225342,.0300448943126974,.522248642165822,.0104818642795952,.8153749503765624,.0056752632223273,0,.0541557829308179,127702.0588226318
Afaq,Qadissiya,4.463635,.00025175742,4.463635,,3.4832642,1,1,0,0,3.8468146,.073174849,0,2.0481503,3.2139478,2.7860522,1.0207394,2.1984906,.020739401,6.2847867,4.0125527,2587063.286913238,105965.4379981192,1937880.704760275,2.7735963,2.4694967,3.2483962,621729.31,207004.08,827079.31,-423364.75,-.43770322,-.35769215,-.77889937,.080011055,.0240751595605485,0,2518.688102722168,0,.8819285589701116,0,.3151600014790953,.025530879335945,0,0,3162.977066040039
Ain Al-Tamur,Kerbala,4.0999999,.0011468912,4.0999999,,3.4000001,1,1.5,-.5,0,2.0999999,.14004329,.1,2,3.4000001,2.8,1,6.8000002,0,1,7.0999999,2182200,140375,1222222.222222222,2.7,3.0999999,2.4000001,952444.44,1467550,2558611,653722.25,.30000001,.40000001,.69999999,.1,0,0,871.9223022460938,0,.8,0,.5,0,0,0,871.9223022460938
Akre,Ninewa,3.190726,.000066801535,3.190726,1.1033201,3.0419254,1.0940094,1.1102548,-.014622054,.41530675,2.4146416,.13664648,.075543307,2.3876894,3.6086638,2.6834593,1.0235277,6.6524858,.026781317,2.0615046,5.2488995,2766663.601386277,123283.9930007553,1685037.962427014,2.9016128,2.6164632,2.7598212,728646.81,367826.41,1339028.5,-345351.19,-.23598352,.0154822,-.16405487,.24625795,.1290265564960931,.4687916067712493,13605.28052902222,0,.5459669028244679,.0100078850719476,.738500138940589,.0182966003440015,.1234381019804592,0,14271.20135498047
Al Resafa,Baghdad,3.8079019,6.7430879e-06,3.8079019,1.8031086,3.5105364,1.7427514,1.9359872,-.20582221,.55933064,2.1234198,.16713749,.82551211,4.4599204,2.2602253,1.9311508,1.0240115,10.366429,.087672964,2.8040652,9.2323809,2499875.221849135,130226.3025270397,1661504.560964866,3.0618529,3.1646545,3.0991611,857300.81,938194.13,1702180.8,96790.352,.058683764,.09532737,.087643847,.022524508,.0603672138526125,.0709028942273768,144263.5513458252,.0235901312646922,.4074341936670621,.0204335608247778,.7764595069392738,.0395457343295549,0,.0493901078780826,146267.855255127
Al Sadr,Baghdad,4.0004816,2.9907144e-06,4.0004816,1.8792366,3.6765149,1.6379851,1.76091,-.12042016,.39364961,2.0940607,.15573213,.60944092,4.5066433,2.0740566,2.2308319,1.0239693,8.3635855,.10532556,5.8748384,7.4246502,2139359.201666219,99049.07928148288,1492936.677600589,2.6837022,2.5830219,2.9710422,539041.94,467143.84,1000225.6,-57179.324,-.29532382,-.08565326,-.37994727,.22742328,.0765841299410092,.0246683983162196,313779.3037414551,.0159176881973894,.5368084006401535,.0065180614746595,.7260498579634771,.0669310653848035,0,.0203449055293813,323910.2430114746
Al-Chibayish,Thi-Qar,2.2485511,.00034339871,2.2485511,2,4.8000002,2.0366771,2.2576802,-.22100313,.026332289,1.3423197,.21071728,.14733543,3.7996864,4.2366772,2.7736678,1.0736678,8.3159876,0,.44200626,7.6470218,3311827.578286728,140259.6304738068,1771734.796123191,3.5736678,3.3789968,3.1316614,1540092.8,334922.81,1875015.6,-1205170,.44200626,-.19467084,.24733542,-.63667709,0,0,2760.723098754883,0,.9473354213417826,0,.5,0,0,0,2835.385284423828
Al-Daur,Salah al-Din,3.9095263,.000022968763,3.9095263,1.0794809,4.2894349,1.2448947,1.3199716,-.074168861,.25019762,1.8980536,.15720694,.30564222,4.0174637,3.7229166,2.6348541,1.0502938,8.6029997,.040266551,1.5613279,8.3640814,2850343.317503427,107141.1949177928,1833377.960247148,2.9877172,2.5545049,3.1101894,958488.13,-73616.703,873435.31,-1080676.5,-.099286474,-.55356628,-.61837965,-.4694601,.0329693558086205,.5017754999542924,36602.49953460693,.0087672572639683,.6426174101272004,.0088947228280246,.8787375358149923,.1878615196822717,0,.0424000901548853,39919.63589477539
Al-Hai,Wassit,4.8705497,.000058638612,4.8705497,2,3.5395811,1.1772734,1.2088867,-.031613316,.18607132,1.5257629,.20279498,.6084094,2.7732186,3.0936956,2.7729621,1.1512641,9.4611149,.048495445,1.2209808,8.1260633,3251886.380344231,156264.7421414767,2005772.504107571,2.8342366,2.8201878,3.0397933,1075993.5,851116.44,1930729.5,-136788.17,-.15031508,-.049209412,-.19877999,.090397194,.1722594470610386,.2915732053948164,14356.60652923584,.0079376877915534,.2880990851215674,.007715352948725,.8761734152287913,.02607208106273,0,.0060974891569673,15647.10708618164
Al-Hamdaniya,Ninewa,4.2364621,8.9764271e-06,4.2364621,1.182734,4.0965023,1.3630655,1.4087991,-.05155107,.57708424,1.8730285,.15508695,.55586886,4.3428965,3.6241534,2.075454,1.0804273,10.61673,.014212774,1.3837671,8.8869963,2826079.255387988,134864.2577359258,1830976.266298653,2.8628871,2.8589163,2.9251053,959708.69,762300.31,1651181,-139674.83,-.055679753,.029149115,-.067291595,.12006245,.0674022258251476,.7330276847178828,104257.0169830322,.019259232284785,.2589307883851776,.0097079846367865,.8971516563469757,.0205005048452886,.005656359485896,.0124905243588648,107770.7484893799
Al-Hawiga,Tameem,4.0807915,.00005173144,4.0807915,2.2404084,3.3229682,1.0435514,1.0380772,.005788689,.034531031,2.4033875,.13429168,.078883581,2.4909921,3.8484459,2.7005584,1.020871,6.9047952,.013105491,1.3903359,6.9217849,2806573.851643459,111830.2430215188,1948957.131929442,2.7495949,2.5016382,3.1672306,593198.38,91431.531,784569.69,-426331.09,-.41235882,-.26398686,-.68127477,.15009405,.0589023392958108,.3832648280169693,18321.85871124268,0,.7022971556470248,0,.4474958752514517,.0658097713734017,0,.0799637241586399,18819.47420501709
Al-Hindiya,Kerbala,3.900068,.000040525272,3.8844461,1.332866,3.6455224,1.1306944,1.0813372,.051040176,.048163466,2.3551645,.14890091,.14699255,2.7056844,3.4893732,2.6736586,1.0425392,7.5529947,.0835177,2.9586034,7.9259601,2796636.401192598,133469.9664213505,1693986.768110281,2.7588229,2.8543549,2.7441893,1075574.5,626179.5,1638293,-483903.13,.022851059,.08692769,.040239919,.064287238,.1064943591365491,.2173956330935932,23218.73947906494,.0079737465272439,.4898843809029005,0,.7006532102633787,.0194375750087896,0,.0177271789175422,23889.47578430176
Al-Ka'im,Anbar,2.7480452,.000076704629,2.7480452,1.1154552,4.6872559,1.475758,1.702127,-.22636904,.31015909,1.8634468,.16850123,1.1241683,3.6733756,3.8960571,2.7468531,1.124137,10.9302,.01278103,.038898695,7.8342004,3439366.807667149,186346.3911935382,2211480.569937028,3.252224,3.6265464,3.1045444,1216498.6,1460555.3,2667388.8,281308.16,.1770746,.31546232,.51579261,.10701774,.0535411976662995,.0075333902507938,12512.7239151001,.0383430921537113,.5123933749932036,0,.361014666012466,.1148211168089726,0,.0133581802713613,12772.18342590332
Al-Kahla,Missan,3.4807804,.00019458459,3.4807804,2,3.5072916,1.3388247,1.2077627,.13106202,.021598211,2.5605397,.13644534,0,2.433646,3.036098,2.7728317,1.0215982,6.9459901,.11006395,0,5.6846657,2911110.151273869,127496.2675949484,1666377.932802308,3.058275,3.0064218,2.8317027,1196034,416339.56,1634039.6,-795980.44,.22763915,-.028173242,.20177133,-.2591621,0,.0215982112832326,4022.418304443359,.0215982112832326,.8726203888473856,0,.36811272728127,.0207716320354079,0,0,4546.627807617188
Al-Khalis,Diyala,3.376282,.000081405735,3.376282,2,3.0744803,1.1933889,1.0165408,.17684819,.090125807,3.1013589,.11752469,.28081587,2.8003306,3.1809344,2.838392,1.0289983,4.8706965,0,1.347078,8.2734976,3690084.582992273,159276.9253235959,2053867.170462087,3.3968661,3.2263918,2.9366634,1491221.9,421621.38,1893410.4,-1070467.6,.46020266,-.19012953,.21620435,-.59646344,.0305801394941935,.4694427524210614,11198.47294616699,0,.9566354062446558,0,.7895789434449614,.0604439374120258,0,0,11728.75442504883
Al-Khidhir,Muthanna,3.253942,.00011012651,3.253942,1,3.7961102,1.1686666,1.1701522,-.00011471415,.23067497,2.4262307,.15030125,.53790444,3.1197484,3.5562129,2.6225994,1.0920043,8.0662947,.063148305,.67514652,6.0019708,2328442.851299675,104877.334920434,1438433.781729511,1.9613816,2.0586755,2.1909845,697491.19,440268.28,1148925.1,-201589.83,-.20482679,.14144036,-.056014664,.35180047,.0733212130225328,.0844168199158387,8007.295612335205,.0081234678004659,.715711628733522,.0511976754374289,.6780942310613651,.226344616579661,.0137272207528893,.0173294908790586,8527.014598846436
Al-Mahawil,Babylon,4.0481715,.000015094106,4.0481715,1.8359748,3.8388479,1.053304,1.0723568,-.019052859,.096366093,2.3229885,.14562079,.28161648,2.4704156,2.9331889,2.6141531,1.0252882,6.6248908,.034220528,.94034028,7.2250528,3161578.070285004,137080.9085081221,1749647.027753946,2.9316549,2.8727722,2.8117843,1438344.8,377223.59,1734955.6,-1051378.5,.15110955,-.099235795,.044950761,-.24196902,.0405354279611918,.3370970041056836,62905.73134613037,.0077030293519074,.5508747360622184,.0029545254346379,.8127549291777924,.1003198475690382,0,.011713566384723,64556.71325683594
Al-Maimouna,Missan,3.3504207,.000049988703,3.3504207,2.6316643,3.4648783,1.2551025,1.2187082,.036394246,.020920305,2.147408,.14613131,.26526028,3.1526415,1.9476346,2.6522741,1.0046189,4.9828725,.083456837,.57226723,5.8976426,2804713.153650133,125623.4898695352,1473418.823075062,3.0426443,2.9705021,2.6307144,1341148,461497.59,1805306.9,-876989.19,.41657624,-.08394102,.34085369,-.50114471,.0425698166179028,.0102954048655657,18732.36265563965,.0093151463515136,.8706209940411868,0,.6004636673719508,.1450239277205777,0,0,19357.99325942993
Al-Manathera,Najaf,4.4394331,.000043492761,4.4394331,2.016058,3.0350153,1.0673229,1.0926692,-.029972725,.096720196,1.7625407,.16398093,.39762804,2.81477,3.2749844,2.4816611,1.1150887,7.5202847,.24992721,2.8893669,6.3371625,2596370.513924385,117704.1514947357,1769766.681763235,2.6576245,2.6115656,2.9805856,631463.31,459667.03,1251191.4,-88731.25,-.33648378,-.061584044,-.38788155,.26561883,.0847620838805734,.3682300055806181,21554.27261352539,.0087949521020824,.787872578295315,.0306942976923954,.7909864559829006,.106267017721893,.0056695201538945,.064522958460442,22261.69342041016
Al-Mejar Al-Kabi,Missan,3.4057353,.000060895003,3.4057353,1.7189709,3.6582556,1.7537152,1.6624918,.091223292,.12027781,1.6090708,.20660125,.16321932,3.3021464,3.2270391,2.5686088,1.0171666,8.2587137,.044986863,.095951691,6.5061522,3151360.846013343,139692.2119675111,1735589.902557383,3.2125492,3.2326434,2.9675105,1357819,653393.25,1939026,-617169.63,.27720714,-.010337619,.27288058,-.27369046,0,0,16220.75257873535,0,.8256423683328968,0,.3825096352363363,.1465251009596591,0,0,16320.92147827148
Al-Midaina,Basrah,2.2212527,.000021590473,2.2212527,2,3.3659945,1.08871,1.0543214,.034388497,.027163811,2.1575737,.1560764,.14591728,2.4330518,3.4536006,2.7594304,1.0059747,6.9318943,.14256193,5.9908657,5.869133,2365649.290767193,114533.4058266112,1282839.35243868,2.7108204,2.8903475,2.554502,1088453.5,650736.31,1703656.9,-426885.81,.17242329,.16915292,.32362729,-.023330193,.0553259460624455,.0053936654665501,44725.3581237793,0,.7387687878113685,0,.5100872960233484,.1348702633494565,0,.0194642587984022,45514.08758544922
Al-Muqdadiya,Diyala,3.5966041,.000010220294,3.5966041,1.2515289,2.8527215,1.1876311,1.1847401,.0028911482,.25350094,1.9528353,.15638165,.33601263,3.0037711,2.9882865,2.5327516,1.0362461,8.9567709,.024726128,1.6020275,7.0523114,3082253.35202533,129184.2233425577,1555001.124801306,2.9409912,2.8555801,2.7314982,1329058.9,362292.38,1625764.3,-925360.56,.2652328,-.10135008,.14877446,-.36594325,.0535435139691392,.63831403173761,90605.78672027588,.0138495597072632,.6808660894433092,.0028384980035064,.8219430760813858,.0756258318493546,.0160092097175359,0,94155.62693786621
Al-Musayab,Babylon,3.7458463,.000012849359,3.7458463,1.8404807,3.6229475,1.2501003,1.1211019,.12899847,.065006427,1.907166,.16443183,.31861758,2.5257838,2.9314437,2.1313832,1.0544991,8.0199928,.068618849,1.1247244,8.0164433,3107508.006658253,142352.5290586538,1328590.449502224,2.9592586,2.9579287,2.4160488,1693291,587836.94,2236281.8,-1115684.1,.54437762,-.014291663,.53553408,-.55539876,.0697623866294339,.5180604655767694,74036.53618621826,.005821911934807,.2986024310432734,.0018457218274725,.8406116492975045,.0434202123251446,0,.0169833113943583,75907.08467102051
Al-Na'maniya,Wassit,4.7378287,.00015661662,4.7378287,,3.0181015,1.0366381,1.1470804,-.11044224,.036665019,3.5101647,.10433115,0,2.2304554,3.0358119,2.9267237,1,4.8911877,.018087031,.63495725,5.3539667,3915571.762407982,146368.4789879916,2437981.690671832,3.2910163,2.89692,3.311383,1473842.1,-26477.568,1425066.8,-1382935.9,.011551366,-.32644552,-.38427269,-.33820739,.0371022321811256,0,6385.018463134766,0,.9846709202519201,.0185511160905628,.9044791573788865,.1711061445376668,.0853250006326942,0,6385.018463134766
Al-Qurna,Basrah,2.1913562,.000053331267,2.1913562,3,2.7666693,1.131936,1.0600461,.071889773,.015784511,1.6964563,.17993084,.44154119,2.8906622,3.3062232,2.786413,1,6.934731,.15213929,6.5822759,6.6719389,2153455.835394819,115579.406758949,1136306.548341284,3.1542361,3.3235409,2.5691683,996225.69,885338.25,1847290.3,-124421.29,.56546479,.16930486,.74107301,-.38985655,.0918992487901537,0,18402.21684265137,0,.6319170687521929,.0153417854173052,.5320080963182258,.0476270266196549,0,0,18575.65438842773
Al-Rifa'i,Thi-Qar,2.4972239,.000019472169,2.4972239,1.8643831,3.4716403,1.3594015,1.1969039,.16395667,.022403384,2.4956648,.14897329,.31124684,2.9196343,3.5620143,2.8846841,1.0622804,8.2904367,.087020501,.20787789,7.0348372,2364526.529299712,98068.14519385296,1363841.388256526,2.8224862,2.6271913,2.6191037,995628.88,224666.94,1199025.4,-755812.44,.21576443,-.18367462,.030264599,-.40200999,.0609741974383952,0,49167.97930908203,.0033177082794655,.9433468181787899,.0331877111610066,.6530340676051311,.1901114210564599,.0919632900762882,0,50249.76165771484
Al-Rumaitha,Muthanna,3.3585353,.000035966594,3.3585353,2.1343973,3.731401,1.1777687,1.1305702,.047198471,.14107397,2.7315555,.12703799,.35680473,2.6934633,3.3378499,2.6616123,1.0511967,6.2424707,.081623591,.74455512,5.6100688,2001250.943889791,95656.06766803617,1233076.444575643,1.8188728,1.9415859,1.9292748,791173.94,461072.72,1240192.3,-353644.69,-.12349098,.16269161,.044272833,.25777018,.0961560932434933,.0061310811841299,25640.76647186279,.0124211844214621,.7661908526718229,0,.5818338941037134,.2489116107171889,0,.0050566305797634,26700.28116989136
Al-Salman,Muthanna,2.2176108,.00017583172,2.2176108,,3.5799358,1.1961787,1.1682538,.027924875,.013574565,2.1359093,.12379778,.035170965,2.1865697,3.0716226,2.7867742,1.0530921,3.9868524,.086305231,.51089114,5.0363894,1943409.473710377,72739.23537861244,1067934.88971558,2.0017204,1.8134822,1.8786263,869429.19,-52189.355,806312.88,-932545.5,.08643277,-.16073924,-.085516378,-.20473552,.0672240587944749,.0814473898703968,3612.612846374512,.0151938443779723,.8545382437686311,0,.3732986765823334,.137442396241616,0,.0151938443779723,4532.753372192383
Al-Samawa,Muthanna,3.0192051,.000034821551,3.0192051,1.8472707,3.6837392,1.4793949,1.3043498,.17504509,.37434959,1.904991,.17005765,.59928364,3.6865058,3.2269516,2.2516387,1.0908769,9.4759407,.20091403,.85938805,7.1879492,2293236.393810715,107010.328345277,1399609.493384033,2.2332897,2.3985624,2.2887924,879211.69,623852.81,1416648.1,-141199.73,-.044575319,.20410983,.1196593,.25752929,.0989966690894305,.0298341747281541,28266.64947891235,.0184878361830725,.5463031869971898,.0256424641101016,.8079673755601241,.2386933250886986,.004187816705705,.0125535483089223,28491.35539627075
Al-Shamiya,Qadissiya,4.0613656,.000023927478,4.0613656,1.7963557,3.1899261,1.0350324,1.0365968,-.0015643603,.074200243,2.041611,.15882976,.49983633,3.2301369,3.3549812,2.6186776,1.0341311,6.4714551,.085357957,4.9277468,5.7982655,2236055.244982853,117198.7310798553,1444756.166120011,2.5646098,2.8837593,2.7630792,783200.19,818642.44,1604548,24382.568,-.17875983,.30693337,.132218,.46522021,.0703770661615585,.0951144960667439,40885.05243682861,.0162306253692618,.7293416580969128,.0136858022759579,.7969856594027295,.057648968826352,0,.0020042156675377,41336.51071166992
Al-Shatra,Thi-Qar,2.0789094,.000016010234,2.0789094,2.0637865,3.0937128,1.2128365,1.1105977,.096966065,.073702008,1.7983123,.19584401,.15648429,2.5182798,2.4066811,2.6659031,1.0308183,4.8822937,.44297197,.66572297,5.6375279,2586420.819488735,115345.323928015,1128050.18136016,2.6831067,2.5883627,2.0985289,1463256.1,413407.94,1851664.1,-1063365.9,.6027832,-.13913763,.47243369,-.7506566,.0602496972258645,.0071777914609445,60242.73948669434,.0064274686650106,.8713815893181168,0,.5328367315405197,.143510705360375,.0178572262823392,0,61341.37651062012
Al-Shikhan,Ninewa,3.5867641,.000065123779,3.5737882,2.2821634,3.8386149,1.0504512,1.1146581,-.05439353,.21489432,2.6962912,.10938088,.020947585,2.4182632,4.1008906,2.8558121,1.0182122,5.3253641,.14583766,1.787446,5.7829447,2915744.02866894,137333.8794254483,1784517.292966022,2.4064887,2.5362289,2.7891769,639879,749909.25,1346753.3,98463.055,-.50278074,.20582105,-.30103537,.69864821,.1357882770001848,.3229638283523759,12557.528465271,0,.6188307252130536,0,.8525504583014748,.1192403037191932,.0569791136025273,.0681379183011217,13863.6223449707
Al-Shirqat,Salah al-Din,3.9027452,.000063554311,3.9027452,1.3571053,4.0405083,1.0240997,1.0659071,-.041545879,.072024316,1.6442139,.1460879,.066694073,3.7300394,4.1209283,2.903523,1.0199459,9.3929119,.090110831,3.8953142,6.1989722,1996922.051759676,72142.93322762853,1450606.974898875,2.3701167,2.0153227,2.61077,537352.5,-178716.09,395159.72,-735585.69,-.25927058,-.36384872,-.57363808,-.13462548,.0936479408346213,.5473126128248097,14966.84094238281,0,.7284425531622605,.0058479404180994,.7508285252639853,.1301302804948648,0,0,15345.90720367432
Al-Suwaira,Wassit,3.9319959,.000022457058,3.9319959,2.3155262,3.1709654,1.2941829,1.3323516,-.046722736,.1138953,2.2994256,.15332918,.40302062,3.0734649,3.9925849,2.819149,1.0133215,8.3955469,.023678191,1.154605,7.5352526,3917493.617882013,155651.1325804203,2132124.966303613,3.3409278,3.0808282,3.3385546,1345759.4,67786.859,1444306.5,-1059848.3,.06145275,-.32292205,-.27036947,-.38098043,.0883832210430065,.1259448281981093,42689.78497314453,.0108870989963808,.8905482657630305,.0150618388993298,.5503292757619896,.3994516099930651,.0881159683833704,0,43599.90721130371
Al-Zubair,Basrah,2.9317248,.000022719329,2.9317248,1.125,3.5467846,1.3172771,1.2159564,.10236099,.052248426,1.7685242,.16978385,.47443774,2.9368875,3.3083761,1.731295,1.0036455,7.2056637,.030056776,3.2302711,8.0173302,3435096.922066203,162073.4724470329,1566628.516461186,3.7513657,3.7956657,3.0990016,1737175.5,801373,2587581.8,-934894.13,.68269157,.042096961,.71775496,-.6405946,.066656937659208,.0454736597403387,41083.8173828125,.0110775856619933,.5282183079789106,.007432018898276,.8241073300903078,.01537400028238,0,.0158356391183036,42524.34666442871
Ali Al-Gharbi,Missan,3.3855462,.00014631712,3.3855462,1.1882131,2.8806534,1.3054963,1.2605079,.04498839,0,3.3328753,.096412182,0,2.331192,2.9943542,2.7310071,1.0078858,6.0466409,.015346798,.24102554,5.8391919,2711822.554836516,126390.7455784678,1604306.020210979,3.0807085,3.1523564,2.9424164,1105253.8,574336.81,1682456.9,-528050.5,.13829213,.071647801,.20993994,-.066644341,.0141594252652171,0,5322.98717880249,0,.9600361634231616,0,.2010504907938093,.114977886179377,0,0,6031.566753387451
Amara,Missan,2.8361545,.000014861455,2.8361545,1.5838534,3.9102304,1.8889512,1.7251542,.16496563,.1516047,1.7102093,.19364379,.45360288,3.3884122,2.9512434,2.3409228,1.0192822,9.8788738,.037476562,.12419017,7.3080716,3250017.454856942,157231.8781261355,1690817.80999212,3.0599475,3.2034247,2.671036,1518746.1,916887.25,2363756.8,-570102.75,.41219878,.15003195,.54971528,-.24531522,.0318235861097916,.0339050739663987,64205.5382232666,.0086740893717987,.7322523311536279,.0138282704232037,.393962986102871,.1272001880949339,.0060772860773964,0,65728.78108978272
Amedi,Dahuk,1.3108656,.00020951507,1.3108656,1,4.0652809,1.4479975,1.3640159,.091460243,.58705389,2.212261,.14759877,.082511954,3.3189209,3.9637671,2.6904621,1,9.7646818,.13892958,2.4126916,6.6714668,2848823.191917382,157985.0454545182,1627335.717608771,3.2791274,3.3907092,3.2746873,996877.31,1298679.4,2383331.3,434522.63,-.090588987,.20548341,.03426173,.32812551,.073015130253073,.2742285067012476,2521.513759613037,.0201414427830141,.338651694635878,.0165575832382543,.9798585572169859,0,.052873687470059,0,3469.149696350098
Ana,Anbar,2.3633687,.00014166173,2.3633687,1.108654,4.2445464,2.5346262,2.7775874,-.24296135,.61929613,1.5542018,.20342788,1.4884076,4.8895292,4.9546423,2.8889809,1.0667412,12.642635,0,0,10.373747,3993728.114109524,213746.1566925558,2398190.965810641,3.4814949,3.5584614,3.1631749,1548520.5,1950203.4,3001544,499007.44,.31451893,.068981908,.30825412,-.17765272,.0457343962384659,0,7059.069244384766,0,.5432478432629796,0,.3418496651060459,.1161539508045643,0,0,7059.069244384766
Ba'quba,Diyala,3.7783875,.000031512573,3.7783875,1.833234,2.8602672,1.0903744,1.1180819,-.027707525,.10216746,2.5140858,.11945535,.23839073,2.8892627,2.7619531,2.6108625,1.0043038,5.6775875,.070795238,4.1409712,6.3860297,2567539.817126361,115366.2570353359,1654204.962946643,2.8404784,2.710717,2.7482755,903461.19,293377.66,1186981.3,-617336.44,.085661985,-.1142163,-.034130156,-.20113315,.0714939687483903,.2086572867898201,30590.19242858887,.0285445534949519,.8133668656267217,0,.6778460542224788,.0549088592674348,0,0,31156.53768920898
Badra,Wassit,3.9944296,.00016782414,3.9944296,1.5281055,2.8978944,1.2287647,1.8654853,-.63672066,.09909676,1.2001119,.14200629,.25493142,2.224391,3.1260912,2.3261609,1,4.8463597,.25323677,0,7.9766698,1674310.213973976,163374.8817181747,685415.9625799301,1.9936076,3.3654778,1.5683869,1009733.9,2568353.8,3661776.8,1642308.9,.5139237,1.37187,1.9248323,.89698493,.0504516201791823,0,5958.618621826172,0,.6663809743525566,0,.9225902226924522,0,0,0,5958.618621826172
Baiji,Salah al-Din,3.8577635,.000084887455,3.8577635,1.2411962,4.4551468,1.2087057,1.2068753,.0040187007,.32541761,1.9328003,.14385502,.33974329,3.6153817,3.9460275,2.5388813,1.1181693,9.1219254,.13576278,.97428471,8.0921621,2830388.835520053,124714.4808802451,1887690.608066023,2.6565433,2.7849388,2.7608845,992553.56,505541.41,1265393.1,-625940.63,-.089420944,.11905897,.0017026307,.19844696,.1108949952412377,.3957068215813681,11021.3900680542,0,.6674239888848123,0,.7554472356192897,.0906062102387288,0,.0225820525725667,11394.53028869629
Balad,Salah al-Din,4.086544,.0000334705,4.086544,,3.7422972,1.0678372,1.0961089,-.028271779,.005075206,2.6227186,.12614956,.24044569,2.9692535,3.5058401,2.80129,1.0413107,5.3238468,.054786362,2.3621783,6.3997502,2882569.089743506,83425.84405127833,2104377.446001612,2.8047776,2.0318453,3.2021768,621001.88,-950027.19,-247494.58,-1574854.6,-.39820379,-.91386521,-1.2403821,-.56986254,.0873362317843513,.3327410384107994,27027.30812835693,.0045284543513301,.6036444607076572,0,.7378959385627339,.3249976407834244,0,.0773930089772294,28416.48149108887
Baladrooz,Diyala,4.3460569,.000034200672,4.3460569,1.5099144,2.6425235,1.0553699,1.0634961,-.0081262551,.15859656,2.148016,.16189286,.1646152,2.3819706,3.3547473,2.775568,1.0359086,7.4335804,.0044351649,1.5202068,6.6221466,2683033.414979981,113422.6023521715,1233344.302524315,2.8949981,2.6198523,2.3175211,1378094.4,200684.44,1659767.4,-1147230.9,.58787966,-.25622079,.30833,-.84649837,.0308323243084692,.272065255333201,26612.1135559082,.0101147201823847,.5325242494038474,0,.8386262080776774,.0027601901984131,.0224859403829384,0,27894.74319458008
Basrah,Basrah,2.5113966,5.5428995e-06,2.5113966,1.9631585,3.4617431,1.6279523,1.350649,.27960408,.085619323,1.5085238,.18586753,.4479914,3.8799515,2.9754245,1.9873097,1,8.0134659,.14559886,5.096777,7.437129,2668212.318940298,138136.1508316887,1318535.797882381,3.4230864,3.5044024,2.844043,1366464.9,934809.81,2282460.3,-443948.72,.59575051,.09398897,.64824009,-.502621,.0775413393011988,.1091321020318487,177212.3707733154,.0123684365416258,.6422731088465195,.0403992776209428,.6895566898742552,.0621770567237704,.0135388470190096,.0312483577803058,178804.5308837891
Chamchamal,Sulaymaniyah,4.8210664,.000032181357,4.8210664,1.1663997,3.8996239,1,1.0204341,-.020434124,.81938499,2.2550588,.1392774,.035989229,3.0136871,3.4449646,2.1425602,1.0353675,6.1322803,.40651444,1.4482291,5.8712182,2343380.383668555,103435.1391155203,1701187.171058747,2.9913862,2.8070424,3.3563192,478945.44,420222.25,798697.31,-129231.76,-.37326247,-.18662387,-.57607508,.124512,.0660290200048656,.0719784596755188,22214.84887695313,0,.4723600653663971,0,.7681111638887909,.0188068655305133,.0124523134084933,.0026427553374199,26273.59550476074
Choman,Erbil,3.0833597,.00058829895,3.0833597,,3.3290346,1.0211046,1.0211046,0,.38450053,2.0160162,.13244161,0,2.7056091,2.0363405,2.9413595,1,4.4338021,.0020986437,1.2285072,4.9872727,2720252.964063927,121395.7420204611,1438913.190008682,2.9860342,3.1408892,2.7003558,1123776.1,341287.47,1640276.8,-795799.13,.29671851,.16743684,.53445828,-.15857852,0,.1868151716552461,292.6365398168564,.0020986436547978,.2997424337122553,.3058239386776587,.9640867669326974,.0208222821054309,.0250195694150265,0,705.2859599590302
Dahuk,Dahuk,1.8838514,.000045138331,1.8838514,1.2711703,4.5256238,1.7619145,1.7182466,.026338037,.93316138,1.6460677,.18923512,.33953336,4.1201863,3.972434,2.275528,1.0177448,11.440886,.05027616,2.0181875,9.3190451,3301726.197102845,162955.3751126012,2097535.405673997,3.337147,3.3282633,3.1913295,1001066.4,1212287.3,2092227.4,302125.28,-.013831147,.26254144,.17635024,.29584062,.0567210084997897,.6975799310068325,20434.31229400635,.0022677335480468,.4912950162004106,.0010903687447391,.9055534778768549,.0112613988087775,.1003789516175548,0,21276.8459854126
Daquq,Tameem,4.0333009,.000053115389,4.0333009,1.5114747,3.431144,1.0600848,1.0713409,-.010835732,.28033248,2.1096201,.1656718,.17317769,3.0703256,3.7607117,2.3931427,1.0227784,8.2525511,.052896351,.56338751,6.9346581,2338632.756099545,113574.8422004192,1582259.252215295,3.0190747,3.1032975,3.185575,713887.06,647792.94,1380992.8,-125845.3,-.16611922,.092722759,-.082840808,.24379759,.0462821651784378,.4373825530411793,17751.46533203125,.0068028659116449,.4145046356823204,.0215051696428878,.6885094014445427,.0200963296818004,.0125811582748693,.0634699405884912,18281.2935333252
Darbandihkan,Sulaymaniyah,4.8670497,.000080327998,4.8670497,1.224299,3.8417895,1.1262926,1.0481784,.07811413,.75949538,2.3831458,.14156075,.32509893,3.389153,3.4774454,2.0340099,1.0490427,7.4407678,.25485,.76000595,8.1241493,3024729.965448915,118931.2533255517,2323829.800559999,3.0661378,3.1952097,4.120863,485408.47,276505.06,946965.19,-257929.52,-.88914716,-.0059480648,-.96554822,.81533885,.0199713226842409,.1177145281759043,9690.614318847656,0,.4305262295263229,0,.8774079878280622,.0281760036346793,0,0,10983.53608703613
Diwaniya,Qadissiya,4.2165594,.00001222112,4.2135501,1.6265798,3.6300445,1.1359359,1.1222672,.013820006,.14903599,1.8514481,.16595915,.67837059,3.7662117,3.0310278,2.326601,1.0212288,6.8632317,.064827859,3.8198161,7.0478864,2813842.473512955,125543.6549133222,1558730.922921421,3.1939049,3.1649878,3.1938975,1164149.8,478164.69,1651303.5,-631770.5,.026437199,-.047285039,-.018408107,-.076380752,.0540512166998424,.1717146911685765,77573.3927154541,.0107843282010074,.5940257950062426,.0045611677078864,.6364815188434905,.1012816633282023,.0081218721185909,.1309253783644204,79611.14952087402
Dokan,Sulaymaniyah,4.8686447,.000043414424,4.8686447,1,2.1909616,1.0305159,1.0613846,-.030868584,.32171124,2.8957794,.098868899,0,2.3051596,3.7499926,2.2555196,1.0386155,4.4125767,.61537486,.44448033,4.9639759,2123412.663328717,124524.4570280584,1652789.832597904,2.3232868,2.7649508,2.9511411,393722.25,977164.25,1511328.6,690847.69,-.62785441,.35521111,-.29665491,1.0070771,.0613845473799357,.6138454737993574,2913.289535522461,0,.6543429192833979,0,.6449518400497553,.0617371677133592,.0305159635232562,0,8191.714401245117
Erbil,Erbil,3.8760169,4.2613169e-06,3.8760169,1.506204,4.1089716,1.5638895,1.5505856,.0017431824,.98008668,1.835199,.16912289,.33772564,4.0654244,3.2474678,2.0269554,1.0326604,9.2920322,.081893995,1.9880632,9.5859718,3423518.16620253,174866.7818913842,1955014.267364023,3.4727859,3.6379485,3.4305651,1356475.1,1196837.3,2489970.3,-98448.156,.10127154,.11510684,.16839491,.098459385,.0361815156565365,.0364313118661745,218702.6362476349,.0087713635719096,.3072664161511114,.0196470537140021,.9550683638336088,.0688398116377497,.041708806066025,.0033960700759075,226545.3163022995
Falluja,Anbar,3.9588542,.000017702214,3.9588542,1.3707376,4.380713,1.5014465,1.6282537,-.12680718,.23370412,2.007834,.16108239,.37247229,3.9192924,2.7023208,2.6838775,1.0161408,8.5782013,.065855153,.31754616,7.548821,2920279.709746042,135326.1304952228,1596541.784265857,2.9774292,2.9603171,2.7826526,1282353.9,682746.94,1923035.9,-596504.5,.19869597,.00094104186,.16743502,-.1903837,.0456579528202304,.4488623180600677,54526.01828765869,.0109156325806223,.722770136649148,0,.6739713489819638,.3450917749787495,0,0,55499.37686157227
Fao,Basrah,3.1111112,.00014866715,3.1111112,1.2031974,3.3180175,1.6005834,1.4804667,.12011669,0,3.3675799,.10426683,.66425669,2.9786594,2.9645483,1.9540526,1,3.9996288,0,5.3429732,7.8122463,3916370.284034238,203334.4107127681,2277049.877170015,3.7879884,3.713819,3.4876966,1343344.8,1370324.4,2739282,52592.434,.30029172,-.074169196,.22612251,-.37446091,0,.0600583429666726,6122.510650634766,.0459474913299947,.5759766628133309,0,.3780758458566744,0,0,0,6417.372833251953
Haditha,Anbar,1.9943066,.000091562812,1.9943066,1,4.7099771,1.3392445,1.4290401,-.089795582,.49736837,1.9044976,.15244935,.80250013,3.5553088,4.6951585,2.5375531,1.0315878,12.285702,.15691794,0,8.9667988,3145903.019815084,163050.6088324109,1420517.973206905,2.6143749,3.2538078,2.4678068,1739998.4,1286212.3,2967682.5,-338827.16,.15676473,.62663203,.79080403,.43590891,.0896175077597356,.0133224434635019,10347.21598815918,0,.413907375050015,0,.5397882756619914,.0296237348828219,0,.0166588626076359,10630.46348571777
Halabja,Sulaymaniyah,4.8833899,.000063836873,4.8833899,1.1680101,3.9574909,1.1050333,1.0201133,.08491993,.80692977,2.4059238,.13544124,.19969872,2.4478831,3.2640238,2.0368762,1.0903199,7.3399987,.68959266,.32575268,6.63662,2584233.61363395,140836.4688453894,1838767.300210072,3.0272043,3.2550375,3.5142245,422958.16,990575.75,1602366.9,548283.31,-.48667547,.28820384,-.13730262,.66486257,.0892031657718796,.1257686969319232,9319.528686523438,0,.5405902338204494,0,.7900119315393493,.0100566505490056,.0100566505490056,.0348822899361852,12082.62168884277
Hamza,Qadissiya,3.9040272,.000036808913,3.9040272,1.6899413,3.2803411,1.2266432,1.1542691,.072374046,.11149474,2.16329,.15320265,.479316,3.1698382,3.2726321,2.5494554,1.0239069,6.5114427,.10514857,3.3431613,5.7459831,2282668.194629101,112199.2831002279,1348593.264104427,2.4585564,2.676162,2.5350611,918420.75,818944.5,1611371.6,9764.917,-.022489496,.25699785,.1714185,.29834118,.0631101588272156,.1321539993447944,23961.94915008545,.0068098872666766,.8313299732398534,0,.6809092678699072,.0555477140433279,0,.0215425744702802,25514.35451507568
Hashimiya,Babylon,3.8372805,.000022218859,3.8372805,1.7055013,2.5322478,1.0736291,1.0600638,.013775437,.024430158,2.0122445,.14820825,.30060235,2.3425107,2.5872586,2.4644744,1.0179981,4.8992209,.0079649854,.88956738,6.0444174,3210642.62678644,143013.4830301812,1784656.948587027,2.8350806,2.8471708,2.6721497,1317414.6,526845.63,1799803,-815563.19,.19548652,-.0025370044,.19185685,-.23237768,.0609856311010121,.3736960055266868,43401.31207275391,.0040191747466094,.444381327309182,0,.690890286769227,.0140780397063541,0,.0028466671268391,44196.77252197266
Heet,Anbar,4.5026259,.000052872019,4.5026259,2,4.0978513,1.0369354,1.0692641,-.032328561,.03574999,1.539946,.16525029,1.0787481,3.538563,2.9015205,2.7062681,1.0785511,8.0472097,.25415802,.57609403,8.2452555,2541492.624578157,138223.905780062,1653737.034111921,2.3341374,2.896399,2.6593237,705952.63,1305041.4,1988474.5,821107.5,-.35085711,.64737546,.23347358,1.0792394,.0251048270694844,.7045841192682075,17903.30432128906,.0174510266983712,.6308167607572857,0,.5931943601845949,0,.0092716877431123,.0427503831335856,18401.51797485352
Hilla,Babylon,4.0109005,.000063826134,4.0109005,2,3.3535264,1.0619904,1.0413606,.020629726,.014205416,2.4273736,.13148493,.17696989,2.3528674,2.8686934,2.5728755,1.0254574,5.5077105,.012576469,2.1590128,5.996891,2648232.796310931,118889.652549007,1546292.199494747,2.5985332,2.5762169,2.3840494,1072664.6,440635.53,1494912.1,-637789.5,.22546953,-.040204778,.18319161,-.26620236,.0435263329037025,.3550368748413476,15205.84539794922,0,.5543168596586579,0,.7274689006580491,.0399158101174219,0,.0148450295264413,15434.9781036377
Kalar,Sulaymaniyah,4.8363948,.000050159364,4.8363948,1.0545201,4.1225209,1.0634933,1.1223375,-.058844261,.84693128,2.4645185,.13366958,.57635826,2.4521508,3.5916629,1.8903257,1.0695382,9.7754421,.17386234,.73239279,8.0031643,3546490.861113253,145618.817908222,2309439.811657365,3.4435565,2.9818554,3.6040838,921289.56,160864.84,929042.38,-1065943.8,-.25403073,-.58642989,-.6473912,-.5229975,.0496401217551918,0,19312.03659057617,0,.3867760052026023,0,.9179651438420153,0,0,0,19621.7629699707
Karkh,Baghdad,3.8602383,3.3689580e-06,3.8543892,1.4701879,4.3041129,1.3580892,1.5728748,-.22156045,.59943503,2.008811,.15768524,.77254558,4.7692099,2.0134509,1.7069653,1.0625173,9.3769035,.055052198,2.4475729,9.8951054,2965618.285160215,137621.6958010868,2058724.564684542,3.384347,3.3811362,3.5726604,812383.19,629248.31,1368734.3,-168408.52,-.1861711,.010908336,-.19068521,.20694868,.0589161754467005,.1300406357875623,287423.1683120728,.0247004392441925,.3854343816524731,.0165264780127935,.7812159261037507,.0649887442139611,0,.032222175203314,291873.9362258911
Kerbala,Kerbala,3.936753,.000012693927,3.936753,1.6293403,3.894985,1.6081396,1.2607737,.34604186,.060228486,1.5720694,.18081953,.29367942,2.9417832,2.659915,1.9807551,1.072984,8.2631159,.08810477,1.8914262,7.9324484,2876915.998731271,139543.9626502679,1794456.090735178,2.9479933,2.9570208,2.928211,1096788.9,715595.38,1799903,-406455.34,.060662318,.020958807,.016303917,-.019816274,.0850711900388231,.2992445719052438,75367.21042633057,.0107983169863732,.3510655249204641,.0040719986802583,.7843435970321249,.0178956313452755,.0014540081026146,.0387771700829431,77053.65338134766
Khadamiya,Baghdad,3.9801567,7.5653975e-06,3.9801567,1.6614661,4.0914621,1.5756029,1.7502233,-.1759617,.22969463,2.0965199,.15493923,.53249043,4.5253396,3.1835644,2.1628449,1.0640447,10.533628,.054176636,4.7555656,9.4919786,2873826.759619276,138168.5019377907,1773365.865260667,3.0903599,3.0430398,3.1192939,1027390.4,726903.13,1797630.8,-274236.56,-.035559554,-.061848927,-.070774324,.0078957835,.1044387994858963,.2178428542650174,130237.2332000732,.0074217982111617,.5827193087128403,.0110612151578098,.6929781907728646,.1252328046351468,.0032591032102068,.0123584388965383,131205.3994293213
Khanaqin,Diyala,4.6094971,.000024148494,4.6094971,1.2604365,2.9703169,1.0192568,1.0451106,-.025658194,.22736877,2.5606661,.13500325,.33886796,2.83705,3.5073702,2.670429,1.0158427,6.2665124,.019870467,.78132421,7.0495844,3514226.343532088,136226.3589243251,1713980.628101607,3.3031225,3.0765653,2.9158854,1532939.4,68387.844,1718038.9,-1369278.3,.4281536,-.25917208,.20477745,-.7246092,.0387991417434125,.1398665490153395,38070.286277771,.0156236905588576,.5983953268098098,.0093995215850452,.7595698709852952,.0397869494244015,.1189960897039137,.0038701123736834,39705.26008605957
Kifri,Diyala,4.6567497,.000073951887,4.6567497,1,2.3108647,1,1.0231057,-.023105683,.49473697,2.9463742,.10764218,.11160883,2.555944,3.0526052,2.3076053,1.0653975,5.1273804,.23941787,.67131484,6.721818,2982310.580770277,137178.5378105784,2174439.426745972,2.8443701,2.8717685,3.5666552,410999.66,850310.81,1238420.9,403904.09,-.72602302,.039483834,-.71027654,.78093535,.0966032479711929,.0292834460917344,10414.29093933106,0,.7792364526201848,0,.6268298564764925,.1075022590876258,0,0,11866.98013305664
Kirkuk,Tameem,3.691427,8.6242835e-06,3.6898694,1.5864186,3.720072,1.2717682,1.3438069,-.07406842,.40326303,1.4359072,.20131171,.44079784,3.8973935,3.6369328,1.9123861,1.0600044,10.851326,.014135836,.51692849,8.2854395,2719715.603815018,137741.9469475065,1698394.375770756,3.1896541,3.3064194,3.1976202,991079,875908.44,1874152.6,-96793.359,.0093788849,.10195083,.10250258,.098776691,.054434643441309,.7595785272834283,109791.3810272217,.0050400185614861,.3971963998310091,.0370559152354241,.7561767747671323,.02843217148663,.0126396990053195,.0411130418961127,112785.5491714478
Koisnjaq,Erbil,4.7522941,.000075661235,4.7522941,1.3218523,3.9796007,1.0259496,1.0778489,-.051899258,.72296333,1.9446272,.13968347,.20555353,3.3138475,3.7777188,2.0735142,1.1450083,8.2993956,.3333261,2.34114,8.5889168,2511836.757413898,138688.4722186737,1789000.116543301,3.1884315,3.2433844,3.8923678,424089.81,1072326.9,1230358.4,330256.56,-.82113117,-.019859901,-.75715393,.85106933,.0350811123862309,.0150006744144057,8974.845230102539,0,.5578580808628302,0,.8092002341799386,.0389692594173277,0,0,10891.22581481934
Kufa,Najaf,4.3461428,.000015208379,4.3461428,1.8377558,3.5964088,1.1133733,1.0792778,.034006685,.045344446,1.8116422,.17679089,.40348586,3.4004877,3.158993,2.195636,1.0984679,9.0634069,.22714026,4.5751953,7.1274014,2502120.448622449,106475.6690080031,1636992.871382052,3.0010743,2.7982764,3.2166693,808853.94,245319.83,1073704.1,-554052.31,-.19888383,-.21458194,-.42117912,-.018676056,.1158458748330523,.5137186381238085,63002.16975402832,.015516229447258,.6812549431453777,.0398990487177484,.8024792722097247,.1942063001729143,.0117345754770283,.0467730215558629,64363.00085449219
Kut,Wassit,3.6116016,.000015342092,3.6116016,2.0802634,3.2468288,1.6221572,1.5938718,.026867121,.3554081,1.9123528,.18362752,.36788195,2.9172916,2.8503971,2.2836008,1.0492191,6.0698953,.07457155,.82533151,6.6562872,2960488.3371662,114923.4824344883,1156450.428617084,3.0440443,2.6901708,2.0610697,1845990.9,49838.367,1824422.4,-1837123,1.0482825,-.34500533,.6852777,-1.423358,.0514922824956547,.128628395430905,60227.95957183838,.0164985919183318,.7373265589142664,.0020452392197253,.8867522853570086,.0566113427948132,.0018531049756736,.0020136792598125,62655.15258789063
Mada'in,Baghdad,3.7809689,.00002350626,3.7809689,1.0658203,3.8536179,1.4626173,1.5070411,-.04442383,.21859333,2.491869,.12268721,.2455263,3.5938435,2.4284406,2.1396394,1.0369705,6.6747561,.017418899,.77781624,8.087925,3225335.678679029,141575.9809714389,1875972.498108001,3.4014058,3.1692717,3.3216558,1303232.6,483114.13,1790009.5,-801500.31,.11400073,-.23848587,-.12102031,-.34944528,.0254735970332102,0,39694.92399597168,.0186306475720333,.7686898718241153,0,.415060570089031,.106399631624246,0,0,41093.74542236328
Mahmoudiya,Baghdad,3.911252,.00001468366,3.8934793,1.676645,4.0335989,1.2620987,1.2010252,.061073449,.12463693,2.0848057,.154669,.45235717,3.0598192,2.8349233,2.4002793,1.0567091,7.3945985,.068932444,1.1213274,8.1742277,2848192.203743156,131266.3807362089,1725792.938665402,2.9815569,2.9978185,3.0604382,1011354.6,550784,1568267.9,-450130.16,-.070086151,.0061883894,-.043454334,.084734507,.0866559158756845,.2301876953522095,65656.39788818359,.0125314492857737,.4572665352814968,.013708818234605,.8588181303407375,.0408548963932208,.0037301075420364,.0192839545976421,66719.74557495117
Makhmur,Erbil,5,.00030109638,5,,3.8,1,1,0,0,3.3,.095757574,0,2.3,3.9000001,3,1,7.0999999,0,.69999999,7.3000002,2110600,98433,2537600,1.6,1.7,3.3,-427000,448658,21658,875658,-1.7,.1,-1.6,1.8,.2,.3,3321.195678710938,0,1,0,.4,0,0,0,3321.195678710938
Mergasur,Erbil,4,.000036183235,4,,4.1378779,1,1.0345829,-.034582812,.13481916,2.7466445,.10738989,0,2.0674095,3.8723812,2.9333394,1,5.945015,.12005325,.89172614,5.1855054,2265899.064848095,120790.5840276744,1469492.603291079,2.8646431,3.5474873,3.3822415,416998.88,1136405.3,1785848.3,1078449,-.4880718,.61298084,.14676808,1.092055,.0541416606475349,.4428104338315271,73.11619377136231,0,.6055658553367201,0,.3857672014075143,.1341991903965047,.2837748095224338,0,1421.520349502564
Mosul,Ninewa,4.4294848,7.7981786e-06,4.4294848,1.701447,3.7969537,1.2965055,1.3780454,-.083566435,.49407634,2.2005804,.12876163,.46764237,4.043056,3.686527,2.4697323,1.0444361,8.2699633,.14190537,2.4220722,7.657608,2625550.218729344,124687.7591050197,1891805.308886539,2.5350146,2.6453264,3.0038459,609809.44,682934.81,1289139,105133.03,-.43191206,.095455922,-.35628024,.52107483,.0691045345387067,.5432677304626539,117069.6392822266,.0072321810073996,.4328061333896224,.0053018326729208,.7949660254133624,.0404854428384504,0,.0260629199000927,122525.2373962402
Najaf,Najaf,3.8492999,.000017009999,3.8492999,1.8774987,3.8682818,1.3978558,1.2236898,.16234693,.1581202,1.7764068,.17811163,.51990032,3.9019287,3.0528736,1.9462023,1.074052,9.5817738,.25844389,3.3043849,7.3192658,2421552.515421386,108988.8438468561,1487398.999355095,2.8388207,2.8062315,3.0053179,820352.44,492503.88,1281145.8,-306396.53,-.17423962,-.038218558,-.19888251,.13970408,.1103714526076954,.5600467237478516,55919.90924072266,.02310340549484,.6635072468724172,.024300255015619,.8492546015016296,.1749589086086233,.0047526630494735,.0107097839255232,57336.48622131348
Nassriya,Thi-Qar,1.9977651,.000014171708,1.9977651,1.5891484,3.3579507,1.5596718,1.5137454,.044656683,.13679011,1.8044224,.1664681,.41276228,2.7514381,2.8356066,2.3769593,1.1201344,8.1012964,.042570259,1.9187567,7.3521376,2574457.120870075,117896.8569004318,1170049.082088242,2.7822587,2.7178071,2.237267,1427145.9,527210.31,1893821.8,-926810.56,.56796145,-.059855241,.49732736,-.65605843,.0502673538901038,.0028752086913238,69004.21658325195,.0056853429734231,.8690374572123196,.0030912379125472,.7496407958278035,.150012317788016,.0168184591859387,.0092045560644408,69779.31620788574
Penjwin,Sulaymaniyah,4.9760852,.000072242459,4.9760852,1,2.49318,1.0505085,1,.050508559,.44627017,2.725445,.11542416,.041996099,2.0309041,3.0775707,2.2160077,1,6.1133447,.51683617,1.2120358,4.602653,2017363.428212532,143188.8405193933,1754709.974391718,2.3242183,2.77792,3.1308475,145158.72,1242988.1,1984458,1110997.5,-.86447406,.28537455,-.3203412,1.0862935,.0522974721526015,.36721260600028,2568.410270690918,0,.5807730151342232,0,.6371180632245812,.0608099296308212,.0355556504832669,0,5962.603492736816
Pshdar,Sulaymaniyah,4.7753811,.000046007401,4.7753811,1.2699651,3.4870758,1,1.0207001,-.020700129,.68779749,2.7201693,.12182571,.10569783,2.3871925,3.0733006,2.004339,1,5.8671136,.67171448,1.820832,5.3352389,2322569.213039346,121349.4907262171,1926599.319788222,2.643508,2.8448997,3.3862884,298304.94,532419.06,978723.19,197555.83,-.74278051,.11378317,-.50346982,.73103619,.0504329645722086,.2672945117971531,10912.14367675781,0,.5709086194401402,.0188015424283622,.7403935351439616,.0428470535646824,.0188015424283622,.0131837955970323,15400.72601318359
Qal'at Saleh,Missan,3.4764731,.00015904284,3.4764731,2,3.8060794,1.8272184,1.7131582,.11406012,.013271617,1.9925128,.15855668,.048554581,3.5153635,3.0120544,2.7868776,1,7.9897413,.15438657,0,6.1703234,3526247.755785415,146823.1271825502,1976265.802805792,3.3563128,3.1592901,3.0321984,1575219,309252.31,1895431.5,-1271931.3,.32411435,-.16975883,.16150406,-.50102168,0,0,6058.81084060669,.0117275266979736,.9136747759639081,0,.2783953190393047,.021356235456323,0,0,6172.152137756348
Ramadi,Anbar,4.2727923,.000015807627,4.2727923,1.4003375,4.1995292,1.1699048,1.1989471,-.028634695,.19724576,1.8734605,.16126534,.7781716,3.4576318,3.3371878,2.5975835,1.0333447,7.6846714,.26528046,.61790264,8.6774387,3109416.386446274,156139.9814133785,1921645.347080528,2.6516666,2.7593958,2.7021358,1076425.1,912933.94,1993961.1,-174483.42,-.072468601,.1151841,.043064155,.18990867,.0674320740275437,.7927979709805724,60692.28722763062,.0614293006780757,.6805601361592031,0,.5360359438514666,.0726286857401259,0,.0162854410142099,61963.13810348511
Rania,Sulaymaniyah,4.8020501,.000039944654,4.8020501,1.0623386,3.7463951,1.014629,1.0009005,.013728526,.8411271,2.3314559,.12277111,.36129934,2.3104792,2.9515827,1.9993023,1.0148447,5.8278279,.44313556,2.1670258,6.6276784,2360511.272446313,120930.6352714123,1883368.979264339,2.6242938,2.7845333,3.3163538,349430,745732.63,1292688.9,526765.13,-.73195696,.12293825,-.46927407,.87738508,.0470143945948313,.0377013433096802,20370.33003616333,0,.5370090796277314,0,.7841099644831387,0,0,.00471266791371,22582.37963485718
Samarra,Salah al-Din,4.0055523,.000084157276,4.0055523,,4.1636147,1,1,0,.028395109,3.4523959,.094787017,0,2.6318643,4.2436919,3,1.0189495,5.9495006,.13789904,1.811882,6.6373882,3373514.399626731,102342.8556848332,2725593.27660026,2.6376171,2.1687796,3.2968745,459859.91,-531874.13,-223349.42,-1048385,-.63642579,-.43189806,-1.2092582,.29498467,.0689735855191849,.3115944260784739,2668.570449829102,0,.831778186646434,0,.7250120312161283,.2480380527856059,0,0,5631.103515625
Shaqlawa,Erbil,3.7601404,.00012888416,3.7601404,2.2617619,3.1168826,1.1173621,1.0822313,.035130821,.19890109,2.3811395,.12846127,.029178131,2.3245893,3.3402143,2.8479323,1,7.5971899,.038940772,2.3199914,5.2671747,2333938.740426768,133284.0885254316,1766499.632557052,3.0401998,3.0021155,3.3051593,681564.63,844130.31,1715172.1,170854.19,-.23944333,-.0077885496,-.22511351,.2576524,.0136014981346523,.0097118837116158,1451.190383911133,0,.3935685886887659,.0348800048394636,.9674619867165925,.1171843482210671,.0537223527713038,.0078040868927402,3355.540019989014
Sharbazher,Sulaymaniyah,4.2433448,.00019172199,4.2433448,1.1188123,2.8511462,1,1,0,.35023692,2.3314605,.1466758,0,1.9561628,3.6862915,2.2177904,1.0876745,7.4785986,.62420285,2.008743,5.6635098,2452927.339614405,147481.642373325,2149236.26914647,3.5794821,3.4692929,3.695447,406155.91,1305963.6,1606936,776213.75,-.066191457,-.12901664,-.4321799,.05932726,.0561627603347276,.5365155537618673,1120.465232849121,.0251120495854091,.6118645124229567,0,.6625624297451356,.0310507107493185,.0561627603347276,.0438372396652724,2417.481842041016
Shatt Al-Arab,Basrah,3.7572024,.000061959843,3.7572024,2,2.764061,1.0571913,1.01104,.049964942,.056396924,2.1753151,.12482879,.041677032,2.3447914,3.3052764,2.2508385,1,6.0096321,.19921623,4.2471457,6.1620235,2405190.983991946,138257.8886243652,1132280.047915988,2.8309758,3.255338,2.3960667,1122368.8,1236557.6,2283872.5,73432.547,.44776201,.44744837,.86407113,.012287151,.0783846611715341,.0841483459353697,16139.4849395752,0,.6309322708099642,0,.8147885557150557,.049518346956011,0,0,16139.4849395752
Sinjar,Ninewa,4.0410299,.000031635092,4.0410299,,3.1918712,1.0096747,1.0495108,-.03983615,.030726656,2.7838151,.10298677,0,2.0761888,4.6532817,2.9338865,1.018697,4.8421884,.029024005,3.4726353,4.6438622,2081355.649573518,99208.87940904488,1482398.869960145,1.928157,2.1560745,2.6052227,396628.44,493221.84,866353.81,135956.53,-.6384427,.17347288,-.46481666,.82023412,.0432249134685755,.0694117928229102,25547.46099853516,.0250379960554968,.5989730142188552,.0100746918421678,.6497206980572875,.0174424265249986,0,.0324565279930358,28417.7262878418
Soran,Erbil,3.851187,.00017004965,3.851187,1.4562205,2.854207,1.0907913,1.1617818,-.070627436,.43665045,2.5049615,.12900957,.05062804,3.0546265,3.036597,2.7106779,1.0071434,6.9660568,.086692646,2.3847806,6.1312079,2569998.901654701,122025.186482386,1724440.199939983,3.4334402,3.4149075,3.5141613,777820.88,649534.81,1343288.8,-180308.78,-.064665474,-.099212013,-.13595162,-.060141541,.0355673983414347,.4143335520580703,809.636209487915,0,.4378209913501114,.032442487160617,.6754396339459352,.1107515235793674,.1040637241736327,0,2182.011785507202
Sulaymaniya,Sulaymaniyah,4.1764436,6.4904216e-06,4.1764436,1.1344413,4.6688871,1.102842,1.1451318,-.04267161,.95847374,2.0998125,.14693609,.48111629,3.4936445,3.5828683,1.7894708,1.1285294,11.65195,.12839168,2.1573691,9.6956463,3368102.010677579,164756.4133925566,2115214.652604664,3.4524467,3.5016775,3.6597362,888768.75,1020574.2,1840702.1,176073.73,-.20446037,-.0016308032,-.14697012,.21040517,.0530312549296407,.0039069744728995,146840.7808227539,0,.3781781223130759,.004666798910193,.8873066296099501,.0046973064400467,.0012865654545447,.0057847075182008,150413.5254211426
Sumel,Dahuk,1.7034489,.00012390369,1.7034489,1.477368,3.7850986,1.3645892,1.386564,-.04501589,.77806956,1.6992884,.19331664,.38665655,3.7925467,3.7438114,2.4050322,1.010662,9.8881159,.057220224,2.2962058,7.020802,3357663.764251711,155479.7486015054,2219513.339106621,3.221987,3.1299045,3.3404157,787846.88,721258.56,1351015.1,-112979.8,-.33492327,.016239639,-.17714043,.4024024,.0672546084403281,.4906063195238261,4289.889266967773,0,.636816911552666,.0065752494256826,.9663263102276815,0,.0484574243753408,0,5884.111797332764
Suq Al-Shoyokh,Thi-Qar,2.5920796,.000040873318,2.5920796,2.0898671,3.2339349,1.5948818,1.4944519,.10042991,.12912261,1.6463488,.17519839,.42928612,3.2013659,1.8901807,2.5076458,1.051185,7.758698,.17894702,1.1545771,6.5727797,3137760.818952843,124555.4054261998,1535007.597790177,2.8595943,2.7814422,2.3952479,1555489.4,179922.53,1723110.4,-1317859.3,.48988807,-.13142203,.37573668,-.6234135,.0603220589293891,0,23198.30152893066,.0184120111635502,.9246889400982904,0,.9218331210228533,.24494018818948,.0141770366003609,0,23823.64181518555
Tarmia,Baghdad,3.8330352,.000085121326,3.8330352,2,4.2568703,1.411305,1.5655092,-.15420428,.057710584,3.1664283,.10755479,.33878207,3.3679719,3.6199353,2.7867332,1.051608,7.1526299,.047676787,2.1951332,8.2740135,3586670.05768716,137514.9722058027,2209662.490601122,3.3866193,3.0108051,3.6472855,1236947.5,-118660.41,1202608,-1189498.5,-.18237422,-.4862037,-.64394385,-.30322373,.0236609910564919,.1546566156811164,11326.47737121582,.0236609910564919,.867991642542012,0,.3087502176655596,.0821171783326323,0,0,11535.28259277344
Telafar,Ninewa,4.3659587,.000021352589,4.3350444,1.514675,3.7110057,1.0634669,1.0856894,-.022222541,.42361999,2.5188615,.14010291,.32139149,2.7755451,3.7302263,2.7396121,1.012834,6.5215402,.13466483,5.0545831,6.8571386,2389635.616831257,104619.9339251823,1670183.793097681,2.2656674,2.2387857,2.7888687,592791.25,343170.81,971570.81,-253589.16,-.48170117,-.089564316,-.5601095,.38824782,.0261626272799865,.5378617044193746,44898.63479614258,.0076033718265585,.6806203626134281,.0061278003800822,.7527521317923054,.0196363032454043,0,.0133949346008246,45552.42037963867
Tikrit,Salah al-Din,3.6275403,.000042428845,3.6275403,1.1749763,4.671628,1.1446053,1.3062021,-.16377065,.20590943,2.4376435,.14453045,.50981897,3.4503126,4.0171032,2.5716681,1.0551406,9.0458975,.20251983,.53564799,8.152688,3198076.506369162,121271.9313962785,1666229.036008464,2.706162,2.5188823,2.6462746,1316186.4,-24012.842,1366873.8,-1386218.8,.071500197,-.2003213,-.11719456,-.31225783,.122627264566841,.1399157633049569,18789.62034606934,0,.6812837669166079,.0235719517725066,.7991716777447659,.1073637847786966,0,0,21044.00533294678
Tilkaif,Ninewa,4.1681862,.00003091697,4.1681862,1.4025091,3.3251176,1.3105015,1.3150016,-.034587082,.54782516,1.9261056,.13436274,.51799011,3.831147,3.9790301,2.4412377,1.0383159,10.637747,.0085673034,2.1980801,8.3507166,2708560.449396335,124701.2446471025,1842833.505118622,3.0189612,2.8194301,3.1919053,676072.63,494598.84,1230154.5,-133591.83,-.17599216,-.19953103,-.3941316,-.04214729,.0304409944817712,.7811788782804955,31613.22674560547,0,.360987985414644,0,.8449777265729614,.1078702839739073,.0555664050850047,.0193775627659037,31976.87072753906
Tooz,Salah al-Din,3.7850993,.000047965816,3.7467992,1.6519787,3.9455764,1.298642,1.2368783,.061763782,.28695148,2.8720901,.11402734,.28266597,3.275933,3.9741995,2.4647899,1.0774132,8.7356977,.21428992,1.1781584,6.4418015,2693431.104200475,95505.82210641605,1483906.678592894,2.5613308,2.2060311,2.5129571,1146815.9,-250984.59,915579.94,-1385854.9,.077088363,-.44325328,-.35663977,-.55000246,.044552546050423,.6888098011714515,19848.49633789063,.0132227214835504,.3875084632844373,.0191333996962746,.7806154404961275,.0330981921104222,0,.0321136773420815,20244.57562255859
Zakho,Dahuk,1.4966049,.00005966374,1.4913815,1.0849904,4.2462435,1.4575254,1.4390426,.0016268003,.84577233,1.6190839,.19031371,.23414963,3.3992665,3.6830697,2.4763777,1.0096494,10.627156,.10330267,1.8259608,7.8669138,2845208.306378636,147047.1969253848,2037074.206313355,2.8956678,2.9722369,2.9965935,581485.19,1026259.2,1513464.1,394185.13,-.30503687,.28587785,-.074149765,.60938835,.0783281562100926,.4334125279014189,14334.95890426636,.0048433855242617,.5059267829108434,.0068729469892958,.9176017262453733,.003746436222969,.0820106675761325,.0051528341523261,15459.86730957031
