district,year,hhinc_q1,hhinc_q2,hhinc_q3,hhinc_q4,hhinc_q5,hhsize,hhinc_g1,hhinc_g2,hhinc_g3,hhinc_g4,hhinc_g5,hhsz,hhinc_i1,hhinc_i2,hhinc_i3,hhinc_i4,hhinc_i5,hhinc_qtot,hhinc_gtot,hhinc_itot,unemp_rate,emp_pop,urate,erate
Abu Al-Khaseeb,2004,10.324134,8.3963051,17.984476,25.835377,37.459709,4.8299999,,,,,,4.829999923706055,10.32413387298584,8.396305084228516,17.98447608947754,25.83537673950195,37.45970916748047,100,0,100,.12858628,.2356275,.1285862773656845,.2356275022029877
Abu Al-Khaseeb,2005,,,,,,6.5999999,8,11.6,19.200001,27.200001,33.900002,6.599999904632568,10.88275591532374,17.2642033894881,21.3229840596523,22.55691782633403,27.97313944498455,0,99.900002,100,.11312217,.22814399,.1131221726536751,.2281439900398254
Abu Al-Khaseeb,2006,,,,,,,,,,,,6.5,11.44137795766187,26.13210169474405,24.66149202982615,19.27845891316702,18.48656972249228,0,0,100,,,.1242811791598797,.2239929959177971
Abu Al-Khaseeb,2007,12,35,28,16,9,6.4000001,,,,,,6.400000095367432,12,35,28,16,9,100,0,100,.13544019,.219842,.1354401856660843,.2198420017957687
Abu Al-Khaseeb,2008,,,,,,,,,,,,,,,,,,,,,,,.1465991921722889,
Abu Al-Khaseeb,2009,,,,,,,,,,,,,,,,,,,,,,,,
Abu Ghraib,2004,8.7373161,18.445656,22.009996,24.655039,23.478369,7.0500002,,,,,,7.050000190734863,8.737316131591797,18.44565582275391,22.00999641418457,24.65503883361816,23.47836875915527,97.326378,0,97.326378,.066082843,.28823557,.0660828426480293,.2882355749607086
Abu Ghraib,2005,,,,,,6.0999999,10.7,12.9,28,20,28.4,6.099999904632568,6.158210754394531,14.963770548502,24.00666427612305,25.43669255574559,27.31891250610352,0,100,97.884247,.028239204,.317655,.0282392036169767,.3176549971103668
Abu Ghraib,2006,,,,,,,,,,,,5.899999856948853,3.579105377197266,11.481885274251,26.00333213806152,26.2183462778728,31.15945625305176,0,0,98.442123,,,.0275771589949727,.2958324998617172
Abu Ghraib,2007,1,8,28,27,35,5.6999998,,,,,,5.699999809265137,1,8,28,27,35,99,0,99,.026915114,.27401,.0269151143729687,.2740100026130676
Abu Ghraib,2008,,,,,,,,,,,,,,,,,,,,,,,.0262530697509646,
Abu Ghraib,2009,,,,,,,,,,,,,,,,,,,,,,,,
Adhamiya,2004,13.394533,12.873809,17.290592,25.616056,27.085867,5.3099999,,,,,,5.309999942779541,13.39453315734863,12.87380886077881,17.29059219360352,25.61605644226074,27.08586692810059,96.260857,0,96.260857,.14410488,.2428268,.1441048830747604,.2428268045186997
Adhamiya,2005,,,,,,5.5,7.0999999,13.8,22.700001,21.799999,34.700001,5.5,8.929688771564543,10.24920590718648,18.86039479573537,29.74403762817383,29.39057795206645,0,100.09999,97.173904,.1459695,.26930401,.145969495177269,.2693040072917938
Adhamiya,2006,,,,,,,,,,,,5.650000095367432,4.464844385782271,7.624602953593239,20.43019739786769,33.87201881408691,31.69528897603323,0,0,98.086952,,,.080952875316143,.2855689972639084
Adhamiya,2007,0,5,22,38,34,5.8000002,,,,,,5.800000190734863,0,5,22,38,34,99,0,99,.015936255,.30183399,.0159362554550171,.301833987236023
Adhamiya,2008,,,,,,,,,,,,,,,,,,,,,,,0,
Adhamiya,2009,,,,,,,,,,,,,,,,,,,,,,,,
Afaq,2004,35.706547,18.962912,15.184969,22.965456,7.1801162,7.48,,,,,,7.480000019073486,35.70654678344727,18.96291160583496,15.18496894836426,22.96545600891113,7.180116176605225,99.999992,0,99.999992,0,.28269085,0,.2826908528804779
Afaq,2005,,,,,,6.8000002,33.799999,19.1,21.799999,15.1,10.2,6.800000190734863,36.80436452229787,20.97527440388967,15.78997929890966,18.31030400593954,8.120077451070301,0,99.999992,100,.27586207,.17829001,.275862067937851,.1782900094985962
Afaq,2006,,,,,,,,,,,,6.5,37.90218226114894,22.98763720194484,16.39498964945483,13.65515200296977,9.060038725535151,0,0,100,,,.2274832725524902,.1797299981117249
Afaq,2007,39,25,17,9,10,6.1999998,,,,,,6.199999809265137,39,25,17,9,10,100,0,100,.17910448,.18116999,.1791044771671295,.1811699867248535
Afaq,2008,,,,,,,,,,,,,,,,,,,,,,,.1307256817817688,
Afaq,2009,,,,,,,,,,,,,,,,,,,,,,,,
Ain Al-Tamur,2004,0,30.000002,40,20,10,6.8000002,,,,,,6.800000190734863,0,30.00000190734863,40,20,10,100,0,100,.0625,.22060789,.0625,.2206078916788101
Ain Al-Tamur,2005,,,,,,6.8000002,35.099998,19.6,22.700001,11.6,11.1,6.800000190734863,13,30.33333460489916,32,15.66666666666788,9.333333333333485,0,100.09999,100.33334,.18965517,.179634,.1896551698446274,.1796340048313141
Ain Al-Tamur,2006,,,,,,,,,,,,6.300000190734863,26,30.66666730244958,24,11.33333333333394,8.666666666666743,0,0,100.66667,,,.1330137439072132,.1908240020275116
Ain Al-Tamur,2007,39,31,16,7,8,5.8000002,,,,,,5.800000190734863,39,31,16,7,8,101,0,101,.076372318,.202014,.076372317969799,.2020139992237091
Ain Al-Tamur,2008,,,,,,,,,,,,,,,,,,,,,,,.0197308920323849,
Ain Al-Tamur,2009,,,,,,,,,,,,,,,,,,,,,,,,
Akre,2004,34.76194,12.985548,16.491755,16.409111,14.754838,6.7600002,,,,,,6.760000228881836,34.76194000244141,12.98554801940918,16.49175453186035,16.40911102294922,14.75483798980713,95.403191,0,95.403191,.1402583,.17036055,.1402582973241806,.1703605502843857
Akre,2005,,,,,,,,,,,,6.606666882832883,37.507960001627,16.32369867960551,15.76116975148534,13.77274068196675,13.4032252629595,0,0,96.768806,,,.1124058750768455,.1733537018299103
Akre,2006,,,,,,,,,,,,6.453333536783873,40.2539800008135,19.66184933980276,15.0305849711101,11.13637034098338,12.05161253611232,0,0,98.134392,,,.0845534528295175,.1763468533754349
Akre,2007,43,23,14.3,8.5,10.7,6.3000002,,,,,,6.300000190734863,43,23,14.30000019073486,8.5,10.69999980926514,99.5,0,99.5,.056701031,.17934,.0567010305821896,.1793400049209595
Akre,2008,,,,,,,,,,,,,,,,,,,,,,,.0669718006004878,
Akre,2009,,,,,,,,,,,,,,,,,,,,,,,,
Al Resafa,2004,18.011892,16.040035,18.701511,15.996724,25.81918,5.1100001,,,,,,5.110000133514404,18.01189231872559,16.04003524780273,18.70151138305664,15.99672412872315,25.81917953491211,94.569336,0,94.569336,.17308997,.24298054,.1730899661779404,.2429805397987366
Al Resafa,2005,,,,,,5,8.5,11.6,14.3,23.700001,42,5,13.67459487915039,16.02669016520182,18.80100758870441,19.66448275248149,27.87945302327535,0,100.10001,96.046234,.17118998,.26638699,.1711899787187576,.2663869857788086
Al Resafa,2006,,,,,,,,,,,,5.5,9.337297439575195,16.01334508260091,18.9005037943522,23.33224137624075,29.93972651163767,0,0,97.523117,,,.1486790999770165,.2573614940047264
Al Resafa,2007,5,16,19,27,32,6,,,,,,6,5,16,19,27,32,99,0,99,.12616822,.248336,.1261682212352753,.2483360022306442
Al Resafa,2008,,,,,,,,,,,,,,,,,,,,,,,.1036573424935341,
Al Resafa,2009,,,,,,,,,,,,,,,,,,,,,,,,
Al Sadr,2004,28.406504,22.607498,18.958786,15.917862,11.455679,5.6399999,,,,,,5.639999866485596,28.40650367736816,22.60749816894531,18.95878601074219,15.91786193847656,11.45567893981934,97.346329,0,97.346329,.12041368,.20111378,.1204136833548546,.2011137753725052
Al Sadr,2005,,,,,,6.3000002,27.1,21.299999,24.4,16.4,10.7,6.300000190734863,21.60433578491211,23.07166544596362,19.63919067382813,17.61190795898438,16.63711929321289,0,99.900002,98.564224,.2710084,.20368898,.2710084021091461,.2036889791488648
Al Sadr,2006,,,,,,,,,,,,6.600000143051148,14.80216789245606,23.53583272298181,20.31959533691406,19.30595397949219,21.81855964660645,0,0,99.782104,,,.198149211704731,.2098549902439117
Al Sadr,2007,8,24,21,21,27,6.9000001,,,,,,6.900000095367432,8,24,21,21,27,101,0,101,.12529002,.216021,.1252900213003159,.2160210013389587
Al Sadr,2008,,,,,,,,,,,,,,,,,,,,,,,.0524308308959007,
Al Sadr,2009,,,,,,,,,,,,,,,,,,,,,,,,
Al-Ba'aj,2004,,,,,,,,,,,,7.650000095367432,,,,,,0,0,0,,,.0205564694479108,.280615009367466
Al-Ba'aj,2005,,,,,,7.5,27.1,24.9,28.9,13.8,5.3000002,7.5,,,,,,0,100.00001,0,.019920319,.25584,.0199203193187714,.255840003490448
Al-Ba'aj,2006,,,,,,,,,,,,7.349999904632568,,,,,,0,0,0,,,.0192841691896319,.23106499761343
Al-Ba'aj,2007,13,27,35,19,6,7.1999998,,,,,,7.199999809265137,13,27,35,19,6,100,0,100,.018648019,.20628999,.0186480190604925,.2062899917364121
Al-Ba'aj,2008,,,,,,,,,,,,,,,,,,,,,,,.0180118689313531,
Al-Ba'aj,2009,,,,,,,,,,,,,,,,,,,,,,,,
Al-Chibayish,2004,0,32.100315,22.633228,20.532915,24.733541,6.3800001,,,,,,6.380000114440918,0,32.10031509399414,22.63322830200195,20.53291511535645,24.73354148864746,100,0,100,.023938445,.16816625,.0239384453743696,.1681662499904633
Al-Chibayish,2005,,,,,,8.6999998,42.700001,25.299999,19.1,7.5999999,5.3000002,8.699999809265137,11.33333333333576,33.40021006266306,20.75548553466797,16.02194341023642,18.15569432576376,0,100,99.666664,.20157067,.17384999,.2015706747770309,.1738499850034714
Al-Chibayish,2006,,,,,,,,,,,,7.799999952316284,22.66666666666788,34.70010503133153,18.87774276733398,11.51097170511821,11.57784716288188,0,0,99.333336,,,.1964486017823219,.1679184958338738
Al-Chibayish,2007,34,36,17,7,5,6.9000001,,,,,,6.900000095367432,34,36,17,7,5,99,0,99,.19132653,.16198701,.1913265287876129,.1619870066642761
Al-Chibayish,2008,,,,,,,,,,,,,,,,,,,,,,,.1862044557929039,
Al-Chibayish,2009,,,,,,,,,,,,,,,,,,,,,,,,
Al-Daur,2004,34.537617,14.546023,15.133873,16.606552,12.679632,6.9499998,,,,,,6.949999809265137,34.53761672973633,14.54602336883545,15.13387298583984,16.60655212402344,12.67963218688965,93.5037,0,93.5037,.060700741,.25288838,.0607007406651974,.2528883814811707
Al-Daur,2005,,,,,,8.3999996,21.799999,15.1,17.299999,15.1,30.700001,8.399999618530273,26.35841115315998,16.36401557922363,16.08924865722656,17.73770141601563,19.11975479125977,0,100,95.669128,.18329939,.232179,.1832993924617767,.2321790009737015
Al-Daur,2006,,,,,,,,,,,,7.699999809265137,18.17920557657999,18.18200778961182,17.04462432861328,18.86885070800781,25.55987739562988,0,0,97.834564,,,.1384774893522263,.2006895020604134
Al-Daur,2007,10,20,18,20,32,7,,,,,,7,10,20,18,20,32,100,0,100,.093655586,.1692,.0936555862426758,.1692000031471252
Al-Daur,2008,,,,,,,,,,,,,,,,,,,,,,,.0488336831331253,
Al-Daur,2009,,,,,,,,,,,,,,,,,,,,,,,,
Al-Hai,2004,25.040861,23.43659,13.567348,13.930745,21.068897,7.9200001,,,,,,7.920000076293945,25.04086112976074,23.43659019470215,13.56734752655029,13.9307451248169,21.06889724731445,97.044449,0,97.044449,.1166905,.24620067,.1166905015707016,.2462006658315659
Al-Hai,2005,,,,,,8.6000004,32.900002,17.799999,19.1,16.4,13.8,8.600000381469727,24.36057408650731,25.62439346313477,16.37823168436626,14.62049674987793,17.04593149820903,0,100.00001,98.029633,.119349,.27515501,.1193490028381348,.2751550078392029
Al-Hai,2006,,,,,,,,,,,,7.550000190734863,23.68028704325366,27.81219673156738,19.18911584218313,15.31024837493897,13.02296574910452,0,0,99.014816,,,.0953887850046158,.2326985001564026
Al-Hai,2007,23,30,22,16,9,6.5,,,,,,6.5,23,30,22,16,9,100,0,100,.071428567,.19024199,.0714285671710968,.1902419924736023
Al-Hai,2008,,,,,,,,,,,,,,,,,,,,,,,.0474683493375778,
Al-Hai,2009,,,,,,,,,,,,,,,,,,,,,,,,
Al-Hamdaniya,2004,17.203316,26.040104,20.717222,18.825129,13.984453,7.0500002,,,,,,7.050000190734863,17.20331573486328,26.04010391235352,20.71722221374512,18.82512855529785,13.98445320129395,96.770218,0,96.770218,.077930696,.23398635,.0779306963086128,.2339863479137421
Al-Hamdaniya,2005,,,,,,6.4000001,11.6,21.799999,26.700001,19.6,20.4,6.400000095367432,21.13554382324219,25.6934026082356,19.47814814249705,17.88341903686523,13.32296880086278,0,100.10001,97.513474,.091911763,.273182,.0919117629528046,.2731820046901703
Al-Hamdaniya,2006,,,,,,,,,,,,6.450000047683716,25.06777191162109,25.3467013041178,18.23907407124852,16.94170951843262,12.66148440043139,0,0,98.256744,,,.0814082026481628,.2485010027885437
Al-Hamdaniya,2007,29,25,17,16,12,6.5,,,,,,6.5,29,25,17,16,12,99,0,99,.070904642,.22382,.0709046423435211,.2238200008869171
Al-Hamdaniya,2008,,,,,,,,,,,,,,,,,,,,,,,.0604010820388794,
Al-Hamdaniya,2009,,,,,,,,,,,,,,,,,,,,,,,,
Al-Hawiga,2004,35.308952,16.080645,18.539473,19.52334,9.0441446,7.0599999,,,,,,7.059999942779541,35.30895233154297,16.08064460754395,18.53947257995606,19.52334022521973,9.044144630432129,98.496552,0,98.496552,.055207606,.1895331,.0552076064050198,.1895330995321274
Al-Hawiga,2005,,,,,,7.9000001,49.299999,20.9,12.9,8.8999996,8,7.900000095367432,38.20596822102925,17.72042973836233,17.6929817199707,15.68222681681255,9.696096420288086,0,100,98.997704,.12660551,.232288,.1266055107116699,.2322880029678345
Al-Hawiga,2006,,,,,,,,,,,,7.150000095367432,41.10298411051463,19.36021486918116,16.84649085998535,11.84111340840627,10.34804821014404,0,0,99.498848,,,.105885174125433,.2015585005283356
Al-Hawiga,2007,44,21,16,8,11,6.4000001,,,,,,6.400000095367432,44,21,16,8,11,100,0,100,.085164838,.170829,.085164837539196,.1708289980888367
Al-Hawiga,2008,,,,,,,,,,,,,,,,,,,,,,,.0644445009529591,
Al-Hawiga,2009,,,,,,,,,,,,,,,,,,,,,,,,
Al-Hindiya,2004,16.894102,22.271393,25.323721,23.19385,9.3655481,7.3800001,,,,,,7.380000114440918,16.89410209655762,22.27139282226563,25.32372093200684,23.19384956359863,9.365548133850098,97.048615,0,97.048615,.059738431,.22810008,.0597384311258793,.2281000763177872
Al-Hindiya,2005,,,,,,7.5,36,16.4,22.700001,14.2,10.7,7.5,23.92940139770508,23.84759521484375,22.54914728800395,18.79589970906454,8.910365422566656,0,100,98.032402,.19646798,.21512401,.1964679807424545,.2151240110397339
Al-Hindiya,2006,,,,,,,,,,,,6.950000047683716,30.96470069885254,25.42379760742188,19.77457364400198,14.39794985453227,8.455182711283328,0,0,99.016205,,,.1423898339271545,.2005770057439804
Al-Hindiya,2007,38,27,17,10,8,6.4000001,,,,,,6.400000095367432,38,27,17,10,8,100,0,100,.088311687,.18603,.0883116871118546,.1860300004482269
Al-Hindiya,2008,,,,,,,,,,,,,,,,,,,,,,,.0342335402965546,
Al-Hindiya,2009,,,,,,,,,,,,,,,,,,,,,,,,
Al-Ka'im,2004,5.5346727,11.369496,24.386402,30.429979,26.899424,7.8899999,,,,,,7.889999866485596,5.534672737121582,11.36949634552002,24.38640213012695,30.42997932434082,26.89942359924316,98.619972,0,98.619972,.059894089,.21309276,.0598940886557102,.2130927592515945
Al-Ka'im,2005,,,,,,6.5999999,20.9,26.700001,25.799999,14.7,12,6.599999904632568,14.02311515808106,13.91299756368062,21.92426808675191,25.61998621622843,23.59961573282817,0,100.09999,99.079987,.20588236,.19882801,.2058823555707932,.1988280117511749
Al-Ka'im,2006,,,,,,,,,,,,6.349999904632568,22.51155757904053,16.45649878184031,19.46213404337595,20.80999310811421,20.29980786641409,0,0,99.539986,,,.1319467015564442,.1834705024957657
Al-Ka'im,2007,31,19,17,16,17,6.0999999,,,,,,6.099999904632568,31,19,17,16,17,100,0,100,.058011048,.16811299,.0580110475420952,.1681129932403565
Al-Ka'im,2008,,,,,,,,,,,,,,,,,,,,,,,0,
Al-Ka'im,2009,,,,,,,,,,,,,,,,,,,,,,,,
Al-Kahla,2004,15.843495,20.082659,26.030865,17.794073,17.299414,6.4699998,,,,,,6.46999979019165,15.84349536895752,20.0826587677002,26.03086471557617,17.7940731048584,17.29941368103027,97.050507,0,97.050507,.076679736,.19294266,.0766797363758087,.1929426640272141
Al-Kahla,2005,,,,,,7.4000001,21.799999,20.9,20.4,20.4,16.4,7.400000095367432,16.56233024597168,23.72177251180074,25.02057647705078,16.86271540323878,15.86627578735352,0,99.900002,98.033676,.09280742,.194327,.0928074195981026,.1943269968032837
Al-Kahla,2006,,,,,,,,,,,,7.549999952316284,17.28116512298584,27.36088625590037,24.01028823852539,15.93135770161939,14.43313789367676,0,0,99.016838,,,.0987727865576744,.1800924986600876
Al-Kahla,2007,18,31,23,15,13,7.6999998,,,,,,7.699999809265137,18,31,23,15,13,100,0,100,.10473815,.165858,.1047381535172463,.1658580005168915
Al-Kahla,2008,,,,,,,,,,,,,,,,,,,,,,,.1107035204768181,
Al-Kahla,2009,,,,,,,,,,,,,,,,,,,,,,,,
Al-Khalis,2004,19.928366,15.620499,11.329033,25.532654,26.126253,7.27,,,,,,7.269999980926514,19.92836570739746,15.62049865722656,11.32903289794922,25.53265380859375,26.12625312805176,98.536804,0,98.536804,.091476992,.2493957,.0914769917726517,.2493956983089447
Al-Khalis,2005,,,,,,7.0999999,13.8,20.4,28.9,25.299999,11.6,7.099999904632568,18.95224380493164,16.08033243815112,15.21935526529887,27.3551025390625,21.41750208536905,0,99.999992,99.024544,.1546841,.25413999,.1546840965747833,.2541399896144867
Al-Khalis,2006,,,,,,,,,,,,6.549999952316284,17.97612190246582,16.54016621907556,19.10967763264944,29.17755126953125,16.70875104268453,0,0,99.51226,,,.1562255471944809,.2315169870853424
Al-Khalis,2007,17,17,23,31,12,6,,,,,,6,17,17,23,31,12,100,0,100,.157767,.20889398,.1577669978141785,.2088939845561981
Al-Khalis,2008,,,,,,,,,,,,,,,,,,,,,,,.159308448433876,
Al-Khalis,2009,,,,,,,,,,,,,,,,,,,,,,,,
Al-Khidhir,2004,50.033752,18.709316,10.178585,12.33579,6.9826236,8.6599998,,,,,,8.659999847412109,50.03375244140625,18.70931625366211,10.17858505249023,12.33578968048096,6.98262357711792,98.240074,0,98.240074,.28181884,.14382878,.2818188369274139,.1438287794589996
Al-Khidhir,2005,,,,,,7.8000002,39.299999,25.5,19.200001,13,3.0999999,7.800000190734863,41.3558349609375,19.13954416910815,12.11905670166016,13.55719312032034,12.32174905141073,0,100.1,98.493378,.21810701,.21355999,.2181070148944855,.2135599851608276
Al-Khidhir,2006,,,,,,,,,,,,8.050000190734863,32.67791748046875,19.56977208455407,14.05952835083008,14.77859656016017,17.66087452570537,0,0,98.746689,,,.2078486829996109,.1920279935002327
Al-Khidhir,2007,24,20,16,16,23,8.3000002,,,,,,8.300000190734863,24,20,16,16,23,99,0,99,.19759035,.170496,.1975903511047363,.1704960018396378
Al-Khidhir,2008,,,,,,,,,,,,,,,,,,,,,,,.1873320192098618,
Al-Khidhir,2009,,,,,,,,,,,,,,,,,,,,,,,,
Al-Mahawil,2004,16.073231,26.869181,22.055445,19.933697,13.292556,7.54,,,,,,7.539999961853027,16.0732307434082,26.86918067932129,22.05544471740723,19.93369674682617,13.292555809021,98.224106,0,98.224106,.067508593,.23105296,.0675085932016373,.231052964925766
Al-Mahawil,2005,,,,,,7.4000001,37.799999,21.799999,19.6,10.7,10.2,7.400000095367432,24.04882049560547,24.91278711954783,20.03696314493845,16.95579783121684,13.19503720601398,0,100.09999,99.149406,.16123188,.25742799,.1612318754196167,.257427990436554
Al-Mahawil,2006,,,,,,,,,,,,7.150000095367432,32.02441024780273,22.95639355977392,18.01848157246923,13.97789891560842,13.09751860300699,0,0,100.0747,,,.1630483716726303,.2207959964871407
Al-Mahawil,2007,40,21,16,11,13,6.9000001,,,,,,6.900000095367432,40,21,16,11,13,101,0,101,.16486487,.184164,.1648648679256439,.1841640025377274
Al-Mahawil,2008,,,,,,,,,,,,,,,,,,,,,,,.1666813641786575,
Al-Mahawil,2009,,,,,,,,,,,,,,,,,,,,,,,,
Al-Maimouna,2004,10.504045,27.446144,26.207088,25.887472,9.8106232,6.5700002,,,,,,6.570000171661377,10.5040454864502,27.44614410400391,26.20708847045898,25.88747215270996,9.810623168945313,99.85537,0,99.85537,.063232265,.19426627,.0632322654128075,.1942662745714188
Al-Maimouna,2005,,,,,,6.3000002,11.1,12.4,15.6,20,40.900002,6.300000190734863,14.33603032430074,32.63076273600382,22.80472564697266,22.2583147684727,7.873748779296875,0,100,99.90358,.089219332,.28861001,.089219331741333,.2886100113391876
Al-Maimouna,2006,,,,,,,,,,,,6.600000143051148,18.16801516215037,37.81538136800191,19.40236282348633,18.62915738423635,5.936874389648438,0,0,99.95179,,,.109447568655014,.2247495055198669
Al-Maimouna,2007,22,43,16,15,4,6.9000001,,,,,,6.900000095367432,22,43,16,15,4,100,0,100,.12967581,.160889,.1296758055686951,.1608889997005463
Al-Maimouna,2008,,,,,,,,,,,,,,,,,,,,,,,.1499040424823761,
Al-Maimouna,2009,,,,,,,,,,,,,,,,,,,,,,,,
Al-Manathera,2004,27.924099,24.182127,18.798735,17.003206,12.091832,6.8699999,,,,,,6.869999885559082,27.92409896850586,24.18212699890137,18.79873466491699,17.00320625305176,12.09183216094971,100,0,100,.14175051,.17606746,.1417505145072937,.1760674566030502
Al-Manathera,2005,,,,,,6.4000001,5.8000002,14.7,28.9,24.9,25.799999,6.400000095367432,22.61606597900391,24.12141799926758,20.1991564432783,19.0021375020342,13.72788810729981,0,100.10001,99.666664,.058700208,.277033,.0587002076208591,.2770330011844635
Al-Manathera,2006,,,,,,,,,,,,6.299999952316284,17.30803298950195,24.06070899963379,21.59957822163915,21.0010687510171,15.3639440536499,0,0,99.333336,,,.0608362499624491,.2419325038790703
Al-Manathera,2007,12,24,23,23,17,6.1999998,,,,,,6.199999809265137,12,24,23,23,17,99,0,99,.062972292,.20683201,.062972292304039,.2068320065736771
Al-Manathera,2008,,,,,,,,,,,,,,,,,,,,,,,.0651083346456289,
Al-Manathera,2009,,,,,,,,,,,,,,,,,,,,,,,,
Al-Mejar Al-Kabi,2004,13.29737,19.797722,18.995565,24.784834,22.345356,6.3600001,,,,,,6.360000133514404,13.29736995697022,19.79772186279297,18.99556541442871,24.78483390808106,22.34535598754883,99.220856,0,99.220856,.11751802,.18975314,.1175180152058601,.1897531449794769
Al-Mejar Al-Kabi,2005,,,,,,8.1000004,21.299999,24,27.1,14.7,12.9,8.100000381469727,15.53157997131348,21.86514790852925,17.99704360961914,23.52322260538767,20.89690399169922,0,100,99.813896,.1154791,.18432002,.1154791042208672,.1843200176954269
Al-Mejar Al-Kabi,2006,,,,,,,,,,,,8.000000238418579,17.76578998565674,23.93257395426463,16.99852180480957,22.26161130269384,19.44845199584961,0,0,100.40695,,,.1222164370119572,.1845240145921707
Al-Mejar Al-Kabi,2007,20,26,16,21,18,7.9000001,,,,,,7.900000095367432,20,26,16,21,18,101,0,101,.12895377,.18472801,.1289537698030472,.1847280114889145
Al-Mejar Al-Kabi,2008,,,,,,,,,,,,,,,,,,,,,,,.1356911025941372,
Al-Mejar Al-Kabi,2009,,,,,,,,,,,,,,,,,,,,,,,,
Al-Midaina,2004,18.390646,24.639875,21.629353,18.952761,15.784627,6.21,,,,,,6.210000038146973,18.39064598083496,24.63987541198731,21.62935256958008,18.95276069641113,15.7846269607544,99.397263,0,99.397263,.13208562,.19060956,.1320856213569641,.1906095594167709
Al-Midaina,2005,,,,,,7.5999999,20.9,21.299999,21.799999,20.4,15.6,7.599999904632568,18.59376398722327,27.42658360799214,22.08623504638672,16.63517379760742,15.18975130716945,0,99.999992,99.931511,.094292805,.20805,.0942928045988083,.2080499976873398
Al-Midaina,2006,,,,,,,,,,,,7.200000047683716,18.79688199361164,30.21329180399607,22.54311752319336,14.31758689880371,14.59487565358472,0,0,100.46576,,,.0896995924413204,.2067734971642494
Al-Midaina,2007,19,33,23,12,14,6.8000002,,,,,,6.800000190734863,19,33,23,12,14,101,0,101,.08510638,.205497,.0851063802838326,.2054969966411591
Al-Midaina,2008,,,,,,,,,,,,,,,,,,,,,,,.0805131681263447,
Al-Midaina,2009,,,,,,,,,,,,,,,,,,,,,,,,
Al-Muqdadiya,2004,24.598871,18.776831,17.415552,20.807625,16.499773,6.96,,,,,,6.960000038146973,24.5988712310791,18.77683067321777,17.41555213928223,20.80762481689453,16.4997730255127,98.098648,0,98.098648,.087272078,.23667957,.0872720777988434,.2366795688867569
Al-Muqdadiya,2005,,,,,,6.6999998,12.9,16.9,28,27.6,14.7,6.699999809265137,17.73258082072061,24.1845537821464,21.27703475952148,21.5384165445962,13.99984868367574,0,100.1,98.73243,.13934426,.27594,.13934426009655,.2759400010108948
Al-Muqdadiya,2006,,,,,,,,,,,,6.399999856948853,10.86629041036031,29.5922768910732,25.13851737976074,22.2692082722981,11.49992434183787,0,0,99.366219,,,.0810071425512433,.2592199966311455
Al-Muqdadiya,2007,4,35,29,23,9,6.0999999,,,,,,6.099999904632568,4,35,29,23,9,100,0,100,.022670025,.24249999,.0226700250059366,.2424999922513962
Al-Muqdadiya,2008,,,,,,,,,,,,,,,,,,,,,,,0,
Al-Muqdadiya,2009,,,,,,,,,,,,,,,,,,,,,,,,
Al-Musayab,2004,16.27767,25.850317,17.99188,20.752657,16.772474,7.0599999,,,,,,7.059999942779541,16.27766990661621,25.85031700134277,17.99188041687012,20.75265693664551,16.77247428894043,97.644997,0,97.644997,.10751809,.22542112,.1075180917978287,.2254211157560349
Al-Musayab,2005,,,,,,6.9000001,26.700001,16.4,23.1,19.1,14.7,6.900000095367432,21.85177993774414,24.23354466756155,17.32792027791356,19.5017712910967,15.18164952595998,0,99.999992,98.096664,.19642857,.22752,.1964285671710968,.2275200039148331
Al-Musayab,2006,,,,,,,,,,,,6.850000143051148,27.42588996887207,22.61677233378077,16.66396013895678,18.25088564554835,13.59082476297999,0,0,98.54834,,,.1556305512785912,.2182850018143654
Al-Musayab,2007,33,21,16,17,12,6.8000002,,,,,,6.800000190734863,33,21,16,17,12,99,0,99,.11483254,.20905,.1148325353860855,.2090499997138977
Al-Musayab,2008,,,,,,,,,,,,,,,,,,,,,,,.0740345194935799,
Al-Musayab,2009,,,,,,,,,,,,,,,,,,,,,,,,
Al-Na'maniya,2004,23.060879,16.438965,20.827467,23.398684,14.517548,8.5,,,,,,8.5,23.06087875366211,16.43896484375,20.82746696472168,23.39868354797363,14.51754760742188,98.243538,0,98.243538,.094594993,.24623929,.0945949926972389,.2462392896413803
Al-Na'maniya,2005,,,,,,7.0999999,32,23.1,24,10.2,10.7,7.099999904632568,21.04058583577444,19.6259765625,21.55164464314794,21.26578903198242,15.01169840494799,0,99.999992,98.495689,.1505848,.33233202,.150584802031517,.3323320150375366
Al-Na'maniya,2006,,,,,,,,,,,,6.950000047683716,19.02029291788722,22.81298828125,22.27582232157397,19.13289451599121,15.505849202474,0,0,98.747856,,,.1531288176774979,.2560860067605972
Al-Na'maniya,2007,17,26,23,17,16,6.8000002,,,,,,6.800000190734863,17,26,23,17,16,99,0,99,.15567283,.17984,.1556728333234787,.1798399984836578
Al-Na'maniya,2008,,,,,,,,,,,,,,,,,,,,,,,.1582168489694595,
Al-Na'maniya,2009,,,,,,,,,,,,,,,,,,,,,,,,
Al-Qurna,2004,13.916513,14.6196,19.449537,29.221973,22.792377,4.6799998,,,,,,4.679999828338623,13.91651344299316,14.61960029602051,19.44953727722168,29.22197341918945,22.79237747192383,100,0,100,.045702577,.23785505,.0457025766372681,.2378550469875336
Al-Qurna,2005,,,,,,8.5,14.2,13.8,19.6,28.4,24,8.5,14.27767562866211,19.41306686401367,20.63302485148142,25.14798227945994,20.52825164794922,0,100,100,.10538116,.21546,.1053811609745026,.2154600024223328
Al-Qurna,2006,,,,,,,,,,,,7.650000095367432,14.63883781433106,24.20653343200684,21.81651242574071,21.07399113973042,18.26412582397461,0,0,100,,,.0791882742196321,.2125350013375282
Al-Qurna,2007,15,29,23,17,16,6.8000002,,,,,,6.800000190734863,15,29,23,17,16,100,0,100,.052995387,.20961,.0529953874647617,.2096100002527237
Al-Qurna,2008,,,,,,,,,,,,,,,,,,,,,,,.0268025007098913,
Al-Qurna,2009,,,,,,,,,,,,,,,,,,,,,,,,
Al-Rifa'i,2004,22.935009,27.933088,21.813509,17.465744,9.5792179,5.9200001,,,,,,5.920000076293945,22.93500900268555,27.93308830261231,21.81350898742676,17.46574401855469,9.579217910766602,99.726563,0,99.726563,.14600579,.185956,.1460057944059372,.1859560012817383
Al-Rifa'i,2005,,,,,,6.4000001,8.8999996,4.9000001,21.299999,42.200001,22.700001,6.400000095367432,26.62333933512309,25.6220588684082,20.87567265828466,16.97716267903638,9.386145273844363,0,100,99.484383,.14014252,.207426,.1401425153017044,.2074259966611862
Al-Rifa'i,2006,,,,,,,,,,,,6.650000095367432,30.31166966756155,23.3110294342041,19.93783632914233,16.48858133951819,9.193072636922182,0,0,99.242188,,,.1512678414583206,.1841219961643219
Al-Rifa'i,2007,34,21,19,16,9,6.9000001,,,,,,6.900000095367432,34,21,19,16,9,99,0,99,.16239317,.160818,.1623931676149368,.1608179956674576
Al-Rifa'i,2008,,,,,,,,,,,,,,,,,,,,,,,.173518493771553,
Al-Rifa'i,2009,,,,,,,,,,,,,,,,,,,,,,,,
Al-Rumaitha,2004,52.042854,19.241812,11.641443,7.6799607,6.457211,8.9399996,,,,,,8.939999580383301,52.04285430908203,19.24181175231934,11.64144325256348,7.67996072769165,6.457211017608643,97.063286,0,97.063286,.23983601,.13532457,.2398360073566437,.1353245675563812
Al-Rumaitha,2005,,,,,,8.3000002,36.400002,15.6,16.4,17.799999,13.8,8.300000190734863,48.02856953938863,19.16120783487958,12.42762883504247,10.45330715179443,7.971474011738792,0,100,98.042183,.23739496,.200013,.2373949587345123,.2000129967927933
Al-Rumaitha,2006,,,,,,,,,,,,8.450000286102295,44.01428476969431,19.08060391743979,13.21381441752124,13.22665357589722,9.485737005869396,0,0,99.021103,,,.2455447763204575,.1765139997005463
Al-Rumaitha,2007,40,19,14,16,11,8.6000004,,,,,,8.600000381469727,40,19,14,16,11,100,0,100,.25369459,.153015,.2536945939064026,.1530150026082993
Al-Rumaitha,2008,,,,,,,,,,,,,,,,,,,,,,,.2618444114923477,
Al-Rumaitha,2009,,,,,,,,,,,,,,,,,,,,,,,,
Al-Rutba,2004,,,,,,,,,,,,5.350000143051148,,,,,,0,0,0,,,.0497315153479576,.2593649849295616
Al-Rutba,2005,,,,,,6.4000001,9.3000002,12,23.6,32,23.1,6.400000095367432,,,,,,0,100,0,.072115384,.22812599,.072115384042263,.2281259894371033
Al-Rutba,2006,,,,,,,,,,,,7.450000047683716,,,,,,0,0,0,,,.0944992527365685,.1968869939446449
Al-Rutba,2007,7,18,16,22,37,8.5,,,,,,8.5,7,18,16,22,37,100,0,100,.11688312,.165648,.1168831214308739,.1656479984521866
Al-Rutba,2008,,,,,,,,,,,,,,,,,,,,,,,.1392669901251793,
Al-Rutba,2009,,,,,,,,,,,,,,,,,,,,,,,,
Al-Salman,2004,48.127262,28.341547,14.618799,7.5549364,0,7.3699999,,,,,,7.369999885559082,48.12726211547852,28.3415470123291,14.61879920959473,7.554936408996582,0,98.642548,0,98.642548,.15859261,.15270454,.1585926115512848,.1527045369148254
Al-Salman,2005,,,,,,8.1999998,36,16.4,23.6,12,12,8.199999809265137,38.7515080769881,27.56103134155273,16.41253280639648,10.36995760599712,6.333333333332121,0,100,99.42836,.16091953,.22556999,.1609195321798325,.2255699932575226
Al-Salman,2006,,,,,,,,,,,,8.650000095367432,29.37575403849405,26.78051567077637,18.20626640319824,13.18497880299856,12.66666666666606,0,0,100.21418,,,.1883277893066406,.1874084994196892
Al-Salman,2007,20,26,20,16,19,9.1000004,,,,,,9.100000381469727,20,26,20,16,19,101,0,101,.21573605,.14924701,.2157360464334488,.1492470055818558
Al-Salman,2008,,,,,,,,,,,,,,,,,,,,,,,.243144303560257,
Al-Salman,2009,,,,,,,,,,,,,,,,,,,,,,,,
Al-Samawa,2004,36.187775,20.371162,16.596111,13.497602,10.42998,7.52,,,,,,7.519999980926514,36.18777465820313,20.37116241455078,16.59611129760742,13.49760150909424,10.42998027801514,97.082626,0,97.082626,.19212162,.2013877,.1921216249465942,.2013877034187317
Al-Samawa,2005,,,,,,8.5,41.799999,14.2,15.1,15.6,13.3,8.5,29.79184977213663,18.58077494303416,19.06407419840434,16.33173433939555,14.28665351867676,0,100,98.055084,.30136985,.173502,.301369845867157,.1735019981861115
Al-Samawa,2006,,,,,,,,,,,,7.849999904632568,23.39592488606832,16.79038747151708,21.53203709920217,19.16586716969778,18.14332675933838,0,0,99.027542,,,.2308203652501106,.194072999060154
Al-Samawa,2007,17,15,24,22,22,7.1999998,,,,,,7.199999809265137,17,15,24,22,22,100,0,100,.16027088,.214644,.1602708846330643,.2146439999341965
Al-Samawa,2008,,,,,,,,,,,,,,,,,,,,,,,.0897214040160179,
Al-Samawa,2009,,,,,,,,,,,,,,,,,,,,,,,,
Al-Shamiya,2004,16.877142,24.954454,23.310522,19.028738,14.126892,6.3000002,,,,,,6.300000190734863,16.87714195251465,24.95445442199707,23.31052207946777,19.02873802185059,14.12689208984375,98.297752,0,98.297752,.07991904,.2472316,.0799190402030945,.2472316026687622
Al-Shamiya,2005,,,,,,6.9000001,40,18.700001,18.700001,12.4,10.2,6.900000095367432,21.58476130167765,24.30296961466456,21.20701471964458,19.35249201456713,12.41792805989553,0,100,98.865166,.21335806,.25482401,.2133580595254898,.2548240125179291
Al-Shamiya,2006,,,,,,,,,,,,6.350000143051148,26.29238065083882,23.65148480733228,19.10350735982229,19.67624600728357,10.70896402994777,0,0,99.432579,,,.148345697671175,.214196503162384
Al-Shamiya,2007,31,23,17,20,9,5.8000002,,,,,,5.800000190734863,31,23,17,20,9,100,0,100,.083333336,.17356899,.0833333358168602,.173568993806839
Al-Shamiya,2008,,,,,,,,,,,,,,,,,,,,,,,.0183209739625454,
Al-Shamiya,2009,,,,,,,,,,,,,,,,,,,,,,,,
Al-Shatra,2004,25.82769,26.10523,20.577055,14.948489,11.117327,6.8400002,,,,,,6.840000152587891,25.82769012451172,26.1052303314209,20.57705497741699,14.94848918914795,11.1173267364502,98.57579,0,98.57579,.19772336,.17544529,.1977233588695526,.1754452884197235
Al-Shatra,2005,,,,,,7.5,44.400002,23.6,16.4,8.8999996,6.6999998,7.5,32.21846008300781,24.40348688761424,17.71803665161133,13.96565945943212,10.7448844909668,0,100,99.050522,.49479941,.19855998,.49479940533638,.1985599845647812
Al-Shatra,2006,,,,,,,,,,,,7.5,38.60923004150391,22.70174344380712,14.85901832580566,12.98282972971606,10.3724422454834,0,0,99.525261,,,.3924113065004349,.1785339936614037
Al-Shatra,2007,45,21,12,12,10,7.5,,,,,,7.5,45,21,12,12,10,100,0,100,.29002321,.158508,.2900232076644898,.1585080027580261
Al-Shatra,2008,,,,,,,,,,,,,,,,,,,,,,,.1876351088285446,
Al-Shatra,2009,,,,,,,,,,,,,,,,,,,,,,,,
Al-Shikhan,2004,30.914047,23.745905,14.205043,20.137272,9.8061218,7.1900001,,,,,,7.190000057220459,30.91404724121094,23.74590492248535,14.20504283905029,20.13727188110352,9.806121826171875,98.80838,0,98.80838,.1704455,.14156748,.1704455018043518,.1415674835443497
Al-Shikhan,2005,,,,,,8.6000004,19.6,28,24.9,17.799999,9.8000002,8.600000381469727,29.97603162129735,25.73060353596975,15.37002881367971,18.358181317647,9.6374146143595,0,100.10001,99.072258,.09869647,.26619998,.0986964702606201,.2661999762058258
Al-Shikhan,2006,,,,,,,,,,,,7.950000286102295,29.03801600138354,27.7153021494546,16.53501478830958,16.57909075419093,9.468707402547182,0,0,99.336128,,,.1485944613814354,.2169969901442528
Al-Shikhan,2007,28.1,29.700001,17.700001,14.8,9.3000002,7.3000002,,,,,,7.300000190734863,28.10000038146973,29.70000076293945,17.70000076293945,14.80000019073486,9.300000190734863,99.600006,0,99.600006,.19849245,.167794,.1984924525022507,.1677940040826798
Al-Shikhan,2008,,,,,,,,,,,,,,,,,,,,,,,.248390443623066,
Al-Shikhan,2009,,,,,,,,,,,,,,,,,,,,,,,,
Al-Shirqat,2004,52.281715,14.458569,9.0166178,12.447716,6.6074796,6.6999998,,,,,,6.699999809265137,52.28171539306641,14.45856857299805,9.016617774963379,12.44771575927734,6.607479572296143,94.812096,0,94.812096,.1402753,.17797552,.1402752995491028,.1779755204916
Al-Shirqat,2005,,,,,,8.1999998,33.299999,16.9,16,16.4,17.299999,8.199999809265137,43.52114359537518,15.63904571533203,12.01107851664165,13.29847717285156,12.07165304819864,0,99.899994,96.541405,.19298245,.164864,.1929824501276016,.1648640036582947
Al-Shirqat,2006,,,,,,,,,,,,8.549999713897705,34.76057179768759,16.81952285766602,15.00553925832082,14.14923858642578,17.53582652409932,0,0,98.270699,,,.150475800037384,.1690085008740425
Al-Shirqat,2007,26,18,18,15,23,8.8999996,,,,,,8.899999618530273,26,18,18,15,23,100,0,100,.10796915,.173153,.1079691499471664,.1731529980897903
Al-Shirqat,2008,,,,,,,,,,,,,,,,,,,,,,,.0654624998569489,
Al-Shirqat,2009,,,,,,,,,,,,,,,,,,,,,,,,
Al-Suwaira,2004,24.674152,11.652572,17.093647,20.235256,24.343344,7.3499999,,,,,,7.349999904632568,24.67415237426758,11.65257167816162,17.09364700317383,20.23525619506836,24.34334373474121,97.99897,0,97.99897,.085903034,.24008442,.0859030336141586,.2400844246149063
Al-Suwaira,2005,,,,,,8.1000004,54.200001,17.9,14.5,9.6000004,3.9000001,8.100000381469727,25.11610158284498,18.10171445210654,17.52909787495923,17.99017079671285,19.92889595031738,0,100.1,98.665977,.18011259,.24909,.1801125854253769,.2490900009870529
Al-Suwaira,2006,,,,,,,,,,,,7.450000286102295,25.55805079142249,24.55085722605327,17.96454874674475,15.74508539835642,15.51444816589356,0,0,99.332993,,,.1329517364501953,.2161035016179085
Al-Suwaira,2007,26,31,18.4,13.5,11.1,6.8000002,,,,,,6.800000190734863,26,31,18.39999961853027,13.5,11.10000038146973,100,0,100,.085790887,.183117,.0857908874750137,.183117002248764
Al-Suwaira,2008,,,,,,,,,,,,,,,,,,,,,,,.0386300384998322,
Al-Suwaira,2009,,,,,,,,,,,,,,,,,,,,,,,,
Al-Zubair,2004,4.561399,12.339154,13.932492,36.410324,32.013428,5.8400002,,,,,,5.840000152587891,4.561398983001709,12.33915424346924,13.93249225616455,36.41032409667969,32.013427734375,99.256798,0,99.256798,.079372294,.22554319,.0793722942471504,.2255431860685349
Al-Zubair,2005,,,,,,6.3000002,11.6,19.1,22.700001,23.6,23.1,6.300000190734863,3.374265988667503,9.559436162313432,14.95499483744334,35.60688273111964,36.00895182291606,0,100.1,99.504532,.15904139,.22967,.1590413898229599,.2296700030565262
Al-Zubair,2006,,,,,,,,,,,,6.400000095367432,2.187132994333751,6.779718081156716,15.97749741872167,34.80344136555982,40.00447591145803,0,0,99.752266,,,.1514546573162079,.2159305065870285
Al-Zubair,2007,1,4,17,34,44,6.5,,,,,,6.5,1,4,17,34,44,100,0,100,.14386792,.20219101,.1438679248094559,.2021910101175308
Al-Zubair,2008,,,,,,,,,,,,,,,,,,,,,,,.1362811923027039,
Al-Zubair,2009,,,,,,,,,,,,,,,,,,,,,,,,
Ali Al-Gharbi,2004,8.6801958,25.440948,26.660173,20.400383,18.8183,6.5700002,,,,,,6.570000171661377,8.680195808410645,25.44094848632813,26.6601734161377,20.40038299560547,18.81830024719238,100,0,100,.028978957,.2930856,.0289789568632841,.2930856049060822
Ali Al-Gharbi,2005,,,,,,7.5999999,28.4,24,19.6,17.799999,10.2,7.599999904632568,12.45346387227437,25.29396565755212,22.7734489440918,18.93358866373728,20.21220016479492,0,100,99.666672,.2739521,.29633501,.2739520967006683,.2963350117206574
Ali Al-Gharbi,2006,,,,,,,,,,,,7.75,16.22673193613719,25.14698282877606,18.8867244720459,17.46679433186864,21.60610008239746,0,0,99.333336,,,.1965867541730404,.2460885047912598
Ali Al-Gharbi,2007,20,25,15,16,23,7.9000001,,,,,,7.900000095367432,20,25,15,16,23,99,0,99,.11922141,.195842,.1192214116454125,.1958419978618622
Ali Al-Gharbi,2008,,,,,,,,,,,,,,,,,,,,,,,.0418560691177845,
Ali Al-Gharbi,2009,,,,,,,,,,,,,,,,,,,,,,,,
Amara,2004,10.999509,20.09668,23.177818,26.985518,17.611486,7.3800001,,,,,,7.380000114440918,10.99950885772705,20.0966796875,23.17781829833984,26.98551750183106,17.61148643493652,98.87101,0,98.87101,.13638721,.19002189,.1363872140645981,.190021887421608
Amara,2005,,,,,,6.4000001,24,24.9,19.6,15.6,16,6.400000095367432,12.6663392384844,21.39778645833303,22.11854553222656,24.65701166788676,18.07432428995776,0,100.1,98.914009,.20502093,.22724,.205020934343338,.2272399961948395
Amara,2006,,,,,,,,,,,,6.700000047683716,14.3331696192422,22.69889322916652,21.05927276611328,22.32850583394338,18.53716214497888,0,0,98.957001,,,.1399500817060471,.2172214984893799
Amara,2007,16,24,20,20,19,7,,,,,,7,16,24,20,20,19,99,0,99,.074879229,.207203,.0748792290687561,.2072030007839203
Amara,2008,,,,,,,,,,,,,,,,,,,,,,,.0098083764314651,
Amara,2009,,,,,,,,,,,,,,,,,,,,,,,,
Amedi,2004,13.849679,12.341507,18.669895,13.803627,30.546417,5.8699999,,,,,,5.869999885559082,13.8496789932251,12.34150695800781,18.66989517211914,13.80362701416016,30.54641723632813,89.211121,0,89.211121,.14271912,.20414715,.1427191197872162,.204147145152092
Amedi,2005,,,,,,,,,,,,5.879999955495201,19.8997859954834,19.56100463867188,17.77993011474609,12.53575134277344,23.03094482421875,0,0,92.807419,,,.1173683032393456,.1957474301258699
Amedi,2006,,,,,,,,,,,,5.890000025431316,25.9498929977417,26.78050231933594,16.88996505737305,11.26787567138672,15.51547241210938,0,0,96.403709,,,.0920174866914749,.1873477150996514
Amedi,2007,32,34,16,10,8,5.9000001,,,,,,5.900000095367432,32,34,16,10,8,100,0,100,.06666667,.178948,.0666666701436043,.1789480000734329
Amedi,2008,,,,,,,,,,,,,,,,,,,,,,,.0717779273788128,
Amedi,2009,,,,,,,,,,,,,,,,,,,,,,,,
Ana,2004,16.021255,6.7117848,20.243132,16.051311,38.616772,8.5100002,,,,,,8.510000228881836,16.02125549316406,6.711784839630127,20.24313163757324,16.05131149291992,38.61677169799805,97.644257,0,97.644257,.048933238,.21161722,.0489332377910614,.2116172164678574
Ana,2005,,,,,,7.1999998,11.6,16.299999,23.700001,27.1,21.4,7.199999809265137,13.64750353495219,10.5411901473999,19.49542109171534,18.10087458292583,36.47784805297852,0,100.1,98.26284,.11923076,.27022001,.1192307621240616,.270220011472702
Ana,2006,,,,,,,,,,,,7.25,11.27375157674123,14.37059545516968,18.74771054585767,20.15043767293264,34.33892440795898,0,0,98.881424,,,.1094906963407993,.2407025024294853
Ana,2007,8.8999996,18.200001,18,22.200001,32.200001,7.3000002,,,,,,7.300000190734863,8.899999618530273,18.20000076293945,18,22.20000076293945,32.20000076293945,99.5,0,99.5,.099750631,.21118499,.0997506305575371,.2111849933862686
Ana,2008,,,,,,,,,,,,,,,,,,,,,,,.0900105647742748,
Ana,2009,,,,,,,,,,,,,,,,,,,,,,,,
Ba'quba,2004,19.873676,25.856459,25.62421,15.172861,11.095222,6.8200002,,,,,,6.820000171661377,19.87367630004883,25.85645866394043,25.62421035766602,15.17286109924316,11.09522247314453,97.622421,0,97.622421,.075878397,.21529937,.0758783966302872,.2152993679046631
Ba'quba,2005,,,,,,6.4000001,24.4,20,23.6,20,12,6.400000095367432,19.58245086669922,33.90430577595907,21.74947357177734,15.11524073282877,8.396814982095748,0,100,98.748283,.092485555,.287781,.0924855545163155,.2877810001373291
Ba'quba,2006,,,,,,,,,,,,6.200000047683716,19.29122543334961,41.95215288797954,17.87473678588867,15.05762036641438,5.698407491047874,0,0,99.874146,,,.0692019611597061,.2407564967870712
Ba'quba,2007,19,50,14,15,3,6,,,,,,6,19,50,14,15,3,101,0,101,.045918368,.19373199,.0459183678030968,.1937319934368134
Ba'quba,2008,,,,,,,,,,,,,,,,,,,,,,,.0226347744464874,
Ba'quba,2009,,,,,,,,,,,,,,,,,,,,,,,,
Badra,2004,15.154216,14.845784,20.387571,17.522869,32.089561,6.27,,,,,,6.269999980926514,15.15421581268311,14.8457841873169,20.38757133483887,17.52286911010742,32.08956146240234,100.00001,0,100.00001,.17971288,.182831,.1797128766775131,.1828310042619705
Badra,2005,,,,,,6.9000001,10.7,24.4,30.200001,20.4,14.2,6.900000095367432,16.7694772084551,20.89718945821005,20.25838088989258,16.34857940673828,25.39304097493368,0,99.900002,99.666672,.17850637,.277365,.1785063743591309,.2773649990558624
Badra,2006,,,,,,,,,,,,6.350000143051148,18.38473860422755,26.94859472910503,20.12919044494629,15.17428970336914,18.69652048746684,0,0,99.333328,,,.1146542578935623,.2426974922418594
Badra,2007,20,33,20,14,12,5.8000002,,,,,,5.800000190734863,20,33,20,14,12,99,0,99,.050802141,.20802999,.0508021414279938,.2080299854278565
Badra,2008,,,,,,,,,,,,,,,,,,,,,,,0,
Badra,2009,,,,,,,,,,,,,,,,,,,,,,,,
Baiji,2004,24.097664,23.036036,11.79194,21.906765,14.419779,7.8899999,,,,,,7.889999866485596,24.09766387939453,23.03603553771973,11.7919397354126,21.90676498413086,14.41977882385254,95.252174,0,95.252174,.059612382,.19964889,.0596123822033405,.1996488869190216
Baiji,2005,,,,,,8.3999996,9.3000002,20.9,26.200001,24,19.6,8.399999618530273,16.06510925292969,23.02402369181315,16.19462649027628,25.27117665608785,16.27985254923533,0,100,96.834793,.2240566,.175686,.224056601524353,.1756860017776489
Baiji,2006,,,,,,,,,,,,7.099999904632568,8.032554626464844,23.01201184590657,20.59731324513814,28.63558832804392,18.13992627461767,0,0,98.417389,,,.1249148985370994,.1967069953680039
Baiji,2007,0,23,25,32,20,5.8000002,,,,,,5.800000190734863,0,23,25,32,20,100,0,100,.025773196,.21772799,.0257731955498457,.2177279889583588
Baiji,2008,,,,,,,,,,,,,,,,,,,,,,,0,
Baiji,2009,,,,,,,,,,,,,,,,,,,,,,,,
Balad,2004,49.494152,11.318427,10.854839,9.8895531,7.2292147,7.48,,,,,,7.480000019073486,49.4941520690918,11.31842708587647,10.85483932495117,9.889553070068359,7.229214668273926,88.786194,0,88.786194,.051000308,.31253204,.0510003082454205,.3125320374965668
Balad,2005,,,,,,7.5,16.799999,22.4,27.299999,19.700001,13.7,7.5,36.02943483988202,12.31228478749608,13.30322647094727,14.55970191955566,16.31947644551838,0,99.899994,92.524124,.080924846,.25614902,.0809248462319374,.256149023771286
Balad,2006,,,,,,,,,,,,7.150000095367432,22.56471761067587,13.30614248911547,15.75161361694336,19.22985076904297,25.40973822275919,0,0,96.262062,,,.0723183788359165,.2198415100574493
Balad,2007,9.1000004,14.3,18.200001,23.9,34.5,6.8000002,,,,,,6.800000190734863,9.100000381469727,14.30000019073486,18.20000076293945,23.89999961853027,34.5,100,0,100,.063711911,.183534,.0637119114398956,.1835339963436127
Balad,2008,,,,,,,,,,,,,,,,,,,,,,,.0551054440438747,
Balad,2009,,,,,,,,,,,,,,,,,,,,,,,,
Baladrooz,2004,30.014034,19.193258,18.058533,17.997627,12.104713,6.7800002,,,,,,6.78000020980835,30.01403427124023,19.19325828552246,18.05853271484375,17.99762725830078,12.10471343994141,97.368164,0,97.368164,.068161592,.2030177,.0681615918874741,.2030176967382431
Baladrooz,2005,,,,,,7.6999998,35.099998,24.4,20.4,13.3,6.6999998,7.699999809265137,31.67602284749319,24.46217219034952,17.37235514322902,15.33175150553325,9.069808959960938,0,99.900002,97.912109,.0125,.43291998,.0125000001862645,.432919979095459
Baladrooz,2006,,,,,,,,,,,,7.149999856948853,33.33801142374659,29.73108609517476,16.68617757161451,12.66587575276662,6.034904479980469,0,0,98.456062,,,.0571184889413416,.3127519935369492
Baladrooz,2007,35,35,16,10,3,6.5999999,,,,,,6.599999904632568,35,35,16,10,3,99,0,99,.10173698,.19258401,.1017369776964188,.1925840079784393
Baladrooz,2008,,,,,,,,,,,,,,,,,,,,,,,.1463554664514959,
Baladrooz,2009,,,,,,,,,,,,,,,,,,,,,,,,
Basrah,2004,8.5440769,16.465435,19.144859,24.211374,29.303381,5.1900001,,,,,,5.190000057220459,8.544076919555664,16.46543502807617,19.14485931396484,24.21137428283691,29.30338096618652,97.669128,0,97.669128,.11165017,.2362316,.1116501688957214,.2362315952777863
Basrah,2005,,,,,,7,10.7,14.2,19.1,28,28,7,9.696051279704079,18.64362335205078,18.09657287597656,23.80758285522461,28.53558731079102,0,100,98.779419,.1985646,.20904,.1985646039247513,.2090400010347366
Basrah,2006,,,,,,,,,,,,6.650000095367432,10.84802563985204,20.82181167602539,17.04828643798828,23.40379142761231,27.76779365539551,0,0,99.889709,,,.1472733728587627,.2237925007939339
Basrah,2007,12,23,16,23,27,6.3000002,,,,,,6.300000190734863,12,23,16,23,27,101,0,101,.095982142,.238545,.0959821417927742,.2385450005531311
Basrah,2008,,,,,,,,,,,,,,,,,,,,,,,.0446909107267857,
Basrah,2009,,,,,,,,,,,,,,,,,,,,,,,,
Chamchamal,2004,25.54586,13.190755,17.453524,13.86039,16.829008,5.54,,,,,,5.539999961853027,25.54586029052734,13.1907548904419,17.45352363586426,13.86038970947266,16.82900810241699,86.879539,0,86.879539,.10864744,.22946262,.1086474433541298,.2294626235961914
Chamchamal,2005,,,,,,5.5999999,6.1999998,12.4,25.299999,26.200001,29.799999,5.599999904632568,27.36390686035156,16.46050326029399,17.96901575724269,14.57359313964844,14.88600540161133,0,99.899994,91.253021,.029166665,.301036,.0291666649281979,.30103600025177
Chamchamal,2006,,,,,,,,,,,,5.5,29.18195343017578,19.730251630147,18.48450787862134,15.28679656982422,12.94300270080566,0,0,95.626511,,,.033605070784688,.251230999827385
Chamchamal,2007,31,23,19,16,11,5.4000001,,,,,,5.400000095367432,31,23,19,16,11,100,0,100,.038043477,.201426,.0380434766411781,.2014259994029999
Chamchamal,2008,,,,,,,,,,,,,,,,,,,,,,,.0424818824976683,
Chamchamal,2009,,,,,,,,,,,,,,,,,,,,,,,,
Choman,2004,13.931075,20.251066,20.655418,20.718239,20.461378,5.77,,,,,,5.769999980926514,13.93107509613037,20.25106620788574,20.65541839599609,20.71823883056641,20.46137809753418,96.017181,0,96.017181,.019779673,.17876329,.0197796728461981,.178763285279274
Choman,2005,,,,,,,,,,,,5.679999987284361,20.28738339741904,19.83404413859057,20.77027893066406,17.812159220377,18.64091873168945,0,0,97.344788,,,.0228102455536519,.1928055286407471
Choman,2006,,,,,,,,,,,,5.589999993642181,26.64369169870952,19.41702206929529,20.88513946533203,14.9060796101885,16.82045936584473,0,0,98.672394,,,.0258408182611065,.2068477720022202
Choman,2007,33,19,21,12,15,5.5,,,,,,5.5,33,19,21,12,15,100,0,100,.028871391,.22089002,.0288713909685612,.2208900153636932
Choman,2008,,,,,,,,,,,,,,,,,,,,,,,.0359480182329808,
Choman,2009,,,,,,,,,,,,,,,,,,,,,,,,
Dahuk,2004,17.049221,9.9710999,15.000774,22.292477,25.65526,6.8699999,,,,,,6.869999885559082,17.04922103881836,9.971099853515625,15.00077438354492,22.29247665405273,25.65526008605957,89.968826,0,89.968826,.14733636,.19887866,.1473363637924194,.1988786607980728
Dahuk,2005,,,,,,,,,,,,6.979999860127748,15.36614735921194,12.64739990234375,14.66718292236328,20.86165110270213,29.43684005737305,0,0,92.979218,,,.119276873767376,.2072271058956758
Dahuk,2006,,,,,,,,,,,,7.089999834696442,13.68307367960597,15.32369995117188,14.33359146118164,19.43082555135106,33.21842002868652,0,0,95.989609,,,.0912173837423325,.2155755509932824
Dahuk,2007,12,18,14,18,37,7.1999998,,,,,,7.199999809265137,12,18,14,18,37,99,0,99,.063157894,.223924,.063157893717289,.223923996090889
Dahuk,2008,,,,,,,,,,,,,,,,,,,,,,,.0645653096338115,
Dahuk,2009,,,,,,,,,,,,,,,,,,,,,,,,
Daquq,2004,20.177174,14.783054,17.589695,24.697174,20.256025,5.54,,,,,,5.539999961853027,20.17717361450195,14.78305435180664,17.58969497680664,24.69717407226563,20.25602531433106,97.503128,0,97.503128,.082262151,.21309069,.0822621509432793,.2130906879901886
Daquq,2005,,,,,,5.9000001,21.299999,23.6,21.799999,15.6,17.799999,5.900000095367432,29.11811574300373,18.52203623453715,13.72646331787109,20.79811604817769,16.17068354288767,0,100.09999,98.335419,.14553989,.206752,.1455398947000504,.2067520022392273
Daquq,2006,,,,,,,,,,,,5.400000095367432,38.05905787150186,22.26101811726858,9.863231658935547,16.89905802408885,12.08534177144429,0,0,99.167702,,,.1002424731850624,.2052000015974045
Daquq,2007,47,26,6,13,8,4.9000001,,,,,,4.900000095367432,47,26,6,13,8,100,0,100,.054945052,.203648,.0549450516700745,.2036480009555817
Daquq,2008,,,,,,,,,,,,,,,,,,,,,,,.0096476301550865,
Daquq,2009,,,,,,,,,,,,,,,,,,,,,,,,
Darbandihkan,2004,15.637829,11.217918,15.245133,15.735008,21.082056,5.7399998,,,,,,5.739999771118164,15.6378288269043,11.21791839599609,15.24513339996338,15.73500823974609,21.08205604553223,78.917946,0,78.917946,.15175714,.25001818,.1517571359872818,.2500181794166565
Darbandihkan,2005,,,,,,6,18.1,14.9,18.6,14.5,33.900002,6,14.09188588460256,16.14527893066406,19.49675559997559,16.15667215983081,20.05470403035452,0,100,85.94529,.074569792,.28314,.0745697915554047,.2831400036811829
Darbandihkan,2006,,,,,,,,,,,,5.849999904632568,12.54594294230128,21.07263946533203,23.74837779998779,16.5783360799154,19.02735201517726,0,0,92.972649,,,.0435348958708346,.2417419999837875
Darbandihkan,2007,11,26,28,17,18,5.6999998,,,,,,5.699999809265137,11,26,28,17,18,100,0,100,.0125,.200344,.0125000001862645,.2003439962863922
Darbandihkan,2008,,,,,,,,,,,,,,,,,,,,,,,0,
Darbandihkan,2009,,,,,,,,,,,,,,,,,,,,,,,,
Dibis,2004,,,,,,,,,,,,6.499999761581421,,,,,,0,0,0,,,.2391963796690106,.2340330183506012
Dibis,2005,,,,,,6.1999998,20,27.1,19.6,17.799999,15.6,6.199999809265137,,,,,,0,100.1,0,.16812226,.22364701,.168122261762619,.2236470133066177
Dibis,2006,,,,,,,,,,,,5.899999856948853,,,,,,0,0,0,,,.0970481438562274,.2132610082626343
Dibis,2007,43,29,16,8,4,5.5999999,,,,,,5.599999904632568,43,29,16,8,4,100,0,100,.025974026,.202875,.0259740259498358,.2028750032186508
Dibis,2008,,,,,,,,,,,,,,,,,,,,,,,0,
Dibis,2009,,,,,,,,,,,,,,,,,,,,,,,,
Diwaniya,2004,13.773084,21.374413,20.681057,21.820719,21.749739,5.8899999,,,,,,5.889999866485596,13.77308368682861,21.37441253662109,20.68105697631836,21.82071876525879,21.74973869323731,99.39901,0,99.39901,.064560965,.23807603,.0645609647035599,.2380760312080383
Diwaniya,2005,,,,,,5.5,21.299999,19.6,15.6,20,23.6,5.5,20.51538912455362,21.91627502441406,19.78737131754542,19.88047917683889,17.49982579549032,0,100.1,99.599342,.16764134,.26132399,.1676413416862488,.2613239884376526
Diwaniya,2006,,,,,,,,,,,,5.450000047683716,27.25769456227681,22.45813751220703,18.89368565877271,17.94023958841945,13.24991289774516,0,0,99.799675,,,.1439957246184349,.2508599907159805
Diwaniya,2007,34,23,18,16,9,5.4000001,,,,,,5.400000095367432,34,23,18,16,9,100,0,100,.12035011,.24039599,.120350107550621,.2403959929943085
Diwaniya,2008,,,,,,,,,,,,,,,,,,,,,,,.0967044904828072,
Diwaniya,2009,,,,,,,,,,,,,,,,,,,,,,,,
Dokan,2004,26.103193,16.948404,13.016335,13.122121,17.793615,6.3899999,,,,,,6.389999866485596,26.10319328308106,16.94840431213379,13.01633453369141,13.12212085723877,17.79361534118652,86.983673,0,86.983673,.10343871,.2398873,.103438712656498,.2398872971534729
Dokan,2005,,,,,,6,8.8999996,14.7,22.299999,24.6,29.5,6,23.40212885538676,18.63226954142283,17.34422302246094,14.0814139048257,17.8624102274577,0,100,91.322449,.029239764,.30129001,.0292397644370794,.3012900054454804
Dokan,2006,,,,,,,,,,,,5.849999904632568,20.70106442769338,20.31613477071142,21.67211151123047,15.04070695241285,17.93120511372885,0,0,95.661224,,,.03512102086097,.2750505059957504
Dokan,2007,18,22,26,16,18,5.6999998,,,,,,5.699999809265137,18,22,26,16,18,100,0,100,.041002277,.24881101,.0410022772848606,.2488110065460205
Dokan,2008,,,,,,,,,,,,,,,,,,,,,,,.0468835337087512,
Dokan,2009,,,,,,,,,,,,,,,,,,,,,,,,
Erbil,2004,9.0517559,11.008319,16.699007,16.812227,34.121574,5.9499998,,,,,,5.949999809265137,9.051755905151367,11.00831890106201,16.69900703430176,16.81222724914551,34.12157440185547,87.692879,0,87.692879,.047142673,.23430644,.0471426732838154,.2343064397573471
Erbil,2005,,,,,,,,,,,,5.833333174387633,10.20117060343455,14.13887914021871,16.83267148335779,16.77481842041016,33.84771601359057,0,0,91.795258,,,.0513289459049702,.2352062960465751
Erbil,2006,,,,,,,,,,,,5.716666539510101,11.35058530171727,17.26943937937449,16.96633593241376,16.73740959167481,33.57385762532556,0,0,95.897629,,,.055515218526125,.2361061523358028
Erbil,2007,12.5,20.4,17.1,16.700001,33.299999,5.5999999,,,,,,5.599999904632568,12.5,20.39999961853027,17.10000038146973,16.70000076293945,33.29999923706055,100,0,100,.059701491,.23700601,.0597014911472797,.2370060086250305
Erbil,2008,,,,,,,,,,,,,,,,,,,,,,,.071446655318141,
Erbil,2009,,,,,,,,,,,,,,,,,,,,,,,,
Falluja,2004,18.152376,21.826912,20.829552,19.474623,17.390526,7.04,,,,,,7.039999961853027,18.15237617492676,21.82691192626953,20.82955169677734,19.47462272644043,17.39052581787109,97.673988,0,97.673988,.081027083,.22867183,.0810270830988884,.2286718338727951
Falluja,2005,,,,,,7.5999999,17.299999,22.700001,22.200001,22.200001,15.6,7.599999904632568,22.10158411661723,20.21794128417969,21.21970113118482,18.64974848429347,16.26035054524709,0,100,98.449326,.091397852,.18995601,.0913978517055511,.18995600938797
Falluja,2006,,,,,,,,,,,,7.700000047683716,26.05079205830862,18.60897064208984,21.60985056559241,17.82487424214673,15.13017527262355,0,0,99.224663,,,.0927903391420841,.1909525021910667
Falluja,2007,30,17,22,17,14,7.8000002,,,,,,7.800000190734863,30,17,22,17,14,100,0,100,.094182827,.19194899,.0941828265786171,.1919489949941635
Falluja,2008,,,,,,,,,,,,,,,,,,,,,,,.0955753140151501,
Falluja,2009,,,,,,,,,,,,,,,,,,,,,,,,
Fao,2004,4.5947495,22.612251,10.600583,21.201166,40.991249,6.6300001,,,,,,6.630000114440918,4.594749450683594,22.61225128173828,10.60058307647705,21.2011661529541,40.99124908447266,100,0,100,0,.23788515,0,.2378851473331451
Fao,2005,,,,,,6.0999999,4.9000001,6.1999998,18.200001,28,42.700001,6.099999904632568,10.39649963378906,30.40816752116007,12.06705538431834,18.4674441019688,28.6608327229842,0,100,100,.10755149,.21800999,.1075514853000641,.2180099934339523
Fao,2006,,,,,,,,,,,,6.049999952316284,16.19824981689453,38.20408376058003,13.53352769215917,15.7337220509844,16.3304163614921,0,0,99.999992,,,.1234386637806892,.2124150022864342
Fao,2007,22,46,15,13,4,6,,,,,,6,22,46,15,13,4,100,0,100,.13932584,.20682001,.1393258422613144,.206820011138916
Fao,2008,,,,,,,,,,,,,,,,,,,,,,,.1552130207419395,
Fao,2009,,,,,,,,,,,,,,,,,,,,,,,,
Haditha,2004,9.1118336,16.233912,33.416313,20.494907,19.516014,8.6400003,,,,,,8.640000343322754,9.111833572387695,16.23391151428223,33.41631317138672,20.49490737915039,19.51601409912109,98.77298,0,98.77298,.092888944,.21344289,.0928889438509941,.2134428918361664
Haditha,2005,,,,,,6.9000001,9.3000002,20.4,20.9,23.1,26.200001,6.900000095367432,7.741222381591797,16.4892743428548,32.27754211425781,21.66327158610056,21.01067606608103,0,99.899994,99.181984,.16705883,.208152,.1670588254928589,.2081519961357117
Haditha,2006,,,,,,,,,,,,6.600000143051148,6.370611190795898,16.74463717142743,31.13877105712891,22.83163579305028,22.50533803304052,0,0,99.590996,,,.131875466555357,.2130609974265099
Haditha,2007,5,17,30,24,24,6.3000002,,,,,,6.300000190734863,5,17,30,24,24,100,0,100,.096692108,.21797,.0966921076178551,.217969998717308
Haditha,2008,,,,,,,,,,,,,,,,,,,,,,,.0615087486803532,
Haditha,2009,,,,,,,,,,,,,,,,,,,,,,,,
Halabja,2004,15.535922,14.208987,15.432088,20.036364,23.998409,5.6700001,,,,,,5.670000076293945,15.53592205047607,14.20898723602295,15.4320878982544,20.03636360168457,23.99840927124023,89.211777,0,89.211777,.12756896,.28505445,.1275689601898193,.2850544452667236
Halabja,2005,,,,,,5.5999999,15.6,15.7,17.6,23.6,27.5,5.599999904632568,16.19061470031738,17.77265803019145,18.28805859883687,19.0575758616128,21.3656063079834,0,100,92.674515,.09147609,.281865,.0914760902523994,.2818650007247925
Halabja,2006,,,,,,,,,,,,5.349999904632568,16.84530735015869,21.33632882436086,21.14402929941844,18.07878812154127,18.73280334472656,0,0,96.137253,,,.0748519692569971,.2553225010633469
Halabja,2007,17.5,24.9,24,17.1,16.1,5.0999999,,,,,,5.099999904632568,17.5,24.89999961853027,24,17.10000038146973,16.10000038146973,99.599998,0,99.599998,.058227848,.22878,.0582278482615948,.2287800014019013
Halabja,2008,,,,,,,,,,,,,,,,,,,,,,,.0416037272661924,
Halabja,2009,,,,,,,,,,,,,,,,,,,,,,,,
Hamza,2004,27.619234,19.082777,22.833206,15.047113,13.720043,6.6799998,,,,,,6.679999828338623,27.61923408508301,19.08277702331543,22.83320617675781,15.0471134185791,13.72004318237305,98.302368,0,98.302368,.11845879,.21144819,.1184587851166725,.2114481925964356
Hamza,2005,,,,,,7.8000002,43.599998,18.700001,16,12.9,8.8999996,7.800000190734863,34.74615605672079,21.05518468220998,18.88880411783794,13.69807561238577,10.48002878824809,0,100.10001,98.86824,.18122271,.20625,.1812227070331574,.2062499970197678
Hamza,2006,,,,,,,,,,,,7.150000095367432,41.8730780283604,23.02759234110499,14.94440205891897,12.34903780619288,7.240014394124046,0,0,99.434128,,,.1349463276565075,.1963649988174439
Hamza,2007,49,25,11,11,4,6.5,,,,,,6.5,49,25,11,11,4,100,0,100,.088669948,.18648,.0886699482798576,.1864800006151199
Hamza,2008,,,,,,,,,,,,,,,,,,,,,,,.0423935689032078,
Hamza,2009,,,,,,,,,,,,,,,,,,,,,,,,
Hashimiya,2004,19.35701,21.553362,26.237818,18.943504,13.083508,7.77,,,,,,7.769999980926514,19.35700988769531,21.5533618927002,26.23781776428223,18.94350433349609,13.0835075378418,99.175201,0,99.175201,.088074677,.22969459,.0880746766924858,.229694589972496
Hashimiya,2005,,,,,,8.8000002,32,19.6,22.200001,16.4,9.8000002,8.800000190734863,23.571339925129,20.70224126180028,22.49187850952148,17.62900288899709,15.38900502522847,0,100.00001,99.78347,.10251798,.27794299,.1025179848074913,.2779429852962494
Hashimiya,2006,,,,,,,,,,,,8.200000047683716,27.7856699625645,19.85112063090014,18.74593925476074,16.31450144449855,17.69450251261424,0,0,100.39173,,,.1063554100692272,.2213364914059639
Hashimiya,2007,32,19,15,15,20,7.5999999,,,,,,7.599999904632568,32,19,15,15,20,101,0,101,.11019284,.16473,.1101928353309631,.1647299975156784
Hashimiya,2008,,,,,,,,,,,,,,,,,,,,,,,.1140302605926991,
Hashimiya,2009,,,,,,,,,,,,,,,,,,,,,,,,
Hatra,2004,,,,,,,,,,,,5.650000333786011,,,,,,0,0,0,,,.1047682762145996,.2654750049114227
Hatra,2005,,,,,,5.8000002,29.799999,19.1,18.200001,15.1,17.799999,5.800000190734863,,,,,,0,100,0,.20582879,.225848,.2058287858963013,.2258480042219162
Hatra,2006,,,,,,,,,,,,5.950000047683716,,,,,,0,0,0,,,.3068892955780029,.1862210035324097
Hatra,2007,44,36,9,8,3,6.0999999,,,,,,6.099999904632568,44,36,9,8,3,100,0,100,.40794981,.146594,.4079498052597046,.1465940028429031
Hatra,2008,,,,,,,,,,,,,,,,,,,,,,,.5090103149414063,
Hatra,2009,,,,,,,,,,,,,,,,,,,,,,,,
Heet,2004,23.7197,16.693983,15.470329,25.345743,14.438176,8.1199999,,,,,,8.119999885559082,23.71969985961914,16.69398307800293,15.47032928466797,25.34574317932129,14.43817615509033,95.667931,0,95.667931,.080797508,.21123129,.0807975083589554,.2112312912940979
Heet,2005,,,,,,6.3000002,10.7,19.6,31.1,24.9,13.8,6.300000190734863,20.14646657308003,19.12932205200195,18.64688618977925,22.23049545288086,16.29211743672659,0,100.10001,96.445282,.11469534,.25441,.1146953403949738,.2544099986553192
Heet,2006,,,,,,,,,,,,6.150000095367432,16.57323328654002,21.56466102600098,21.82344309488963,19.11524772644043,18.14605871836329,0,0,97.222641,,,.094022486358881,.2422315031290054
Heet,2007,13,24,25,16,20,6,,,,,,6,13,24,25,16,20,98,0,98,.073349632,.23005301,.0733496323227882,.2300530076026917
Heet,2008,,,,,,,,,,,,,,,,,,,,,,,.0526767782866955,
Heet,2009,,,,,,,,,,,,,,,,,,,,,,,,
Hilla,2004,27.319599,25.182121,20.8703,14.449966,11.615678,7.5599999,,,,,,7.559999942779541,27.31959915161133,25.18212127685547,20.87030029296875,14.44996643066406,11.61567783355713,99.437668,0,99.437668,.077756703,.21638276,.0777567028999329,.2163827568292618
Hilla,2005,,,,,,6.8000002,14.2,14.7,23.1,24,24,6.800000190734863,24.21306610107422,27.45474751790425,20.5802001953125,14.96664428710938,12.41045188903809,0,100,99.625114,.13806707,.269629,.1380670666694641,.2696290016174316
Hilla,2006,,,,,,,,,,,,6.450000047683716,21.10653305053711,29.72737375895213,20.29010009765625,15.48332214355469,13.20522594451904,0,0,99.812553,,,.1119850762188435,.2505995035171509
Hilla,2007,18,32,20,16,14,6.0999999,,,,,,6.099999904632568,18,32,20,16,14,100,0,100,.085903086,.23157001,.0859030857682228,.2315700054168701
Hilla,2008,,,,,,,,,,,,,,,,,,,,,,,.0598210953176022,
Hilla,2009,,,,,,,,,,,,,,,,,,,,,,,,
Kalar,2004,17.765722,17.694456,20.25145,15.767595,17.918114,6.6300001,,,,,,6.630000114440918,17.76572227478027,17.69445610046387,20.25144958496094,15.7675952911377,17.91811370849609,89.397339,0,89.397339,.048139174,.26696658,.0481391735374928,.2669665813446045
Kalar,2005,,,,,,5.8000002,6.5,11.8,18.299999,30.299999,33.099998,5.800000190734863,16.24381478627493,19.96297073364258,19.23429997762037,17.91173044840434,19.57874234517385,0,99.999992,92.931557,.091451295,.28471097,.0914512947201729,.2847109735012054
Kalar,2006,,,,,,,,,,,,5.700000047683716,14.72190729777003,22.23148536682129,18.2171503702798,20.0558656056719,21.23937098185206,0,0,96.465782,,,.0711267180740833,.2516954839229584
Kalar,2007,13.2,24.5,17.200001,22.200001,22.9,5.5999999,,,,,,5.599999904632568,13.19999980926514,24.5,17.20000076293945,22.20000076293945,22.89999961853027,100.00001,0,100.00001,.050802141,.21867999,.0508021414279938,.2186799943447113
Kalar,2008,,,,,,,,,,,,,,,,,,,,,,,.0304775647819042,
Kalar,2009,,,,,,,,,,,,,,,,,,,,,,,,
Karkh,2004,12.314168,14.731892,21.365231,20.637661,27.821747,5.5,,,,,,5.5,12.3141679763794,14.73189163208008,21.36523056030273,20.63766098022461,27.82174682617188,96.870697,0,96.870697,.16118042,.21821186,.1611804217100143,.2182118594646454
Karkh,2005,,,,,,5.5,2.2,7.5999999,16,28.4,45.799999,5.5,8.87611198425293,13.15459442138672,21.24348704020184,25.75844065348429,28.88116455078125,0,100,97.913795,.13378684,.26472601,.1337868422269821,.2647260129451752
Karkh,2006,,,,,,,,,,,,5.349999904632568,5.438055992126465,11.57729721069336,21.12174352010092,30.87922032674214,29.94058227539063,0,0,98.956902,,,.0930942948907614,.2762340009212494
Karkh,2007,2,10,21,36,31,5.1999998,,,,,,5.199999809265137,2,10,21,36,31,100,0,100,.052401748,.28774199,.0524017475545406,.2877419888973236
Karkh,2008,,,,,,,,,,,,,,,,,,,,,,,.0117092002183199,
Karkh,2009,,,,,,,,,,,,,,,,,,,,,,,,
Kerbala,2004,16.002645,22.168531,21.777292,22.515661,13.761239,6.9699998,,,,,,6.96999979019165,16.00264549255371,22.16853141784668,21.77729225158691,22.51566123962402,13.76123905181885,96.225372,0,96.225372,.080784433,.23029922,.0807844325900078,.2302992194890976
Kerbala,2005,,,,,,6.9000001,18.200001,25.799999,26.200001,12.9,16.9,6.900000095367432,22.33509699503702,21.44568761189794,19.85152816772461,19.34377415974996,14.50749270121241,0,100,97.483582,.23590814,.220698,.2359081357717514,.2206979990005493
Kerbala,2006,,,,,,,,,,,,6.549999952316284,28.66754849751851,20.72284380594897,17.92576408386231,16.17188707987498,15.25374635060621,0,0,98.741791,,,.155958816409111,.2217974960803986
Kerbala,2007,35,20,16,13,16,6.1999998,,,,,,6.199999809265137,35,20,16,13,16,100,0,100,.076009497,.22289699,.0760094970464706,.2228969931602478
Kerbala,2008,,,,,,,,,,,,,,,,,,,,,,,0,
Kerbala,2009,,,,,,,,,,,,,,,,,,,,,,,,
Khadamiya,2004,17.791243,16.924891,20.874619,24.108404,16.264622,6.4299998,,,,,,6.429999828338623,17.79124259948731,16.92489051818848,20.87461853027344,24.1084041595459,16.26462173461914,95.963776,0,95.963776,.13745366,.22127219,.1374536603689194,.2212721854448319
Khadamiya,2005,,,,,,5.6999998,8.8999996,18.700001,26.700001,26.200001,19.6,5.699999809265137,13.52749506632608,16.28326034545898,24.24974568684957,24.73893610636378,18.84308115641215,0,100.1,97.642517,.091684438,.26156399,.0916844382882118,.2615639865398407
Khadamiya,2006,,,,,,,,,,,,5.699999809265137,9.263747533163041,15.64163017272949,27.62487284342478,25.36946805318189,21.42154057820608,0,0,99.321259,,,.0908768586814404,.2521339952945709
Khadamiya,2007,5,15,31,26,24,5.6999998,,,,,,5.699999809265137,5,15,31,26,24,101,0,101,.090069279,.242704,.0900692790746689,.2427040040493012
Khadamiya,2008,,,,,,,,,,,,,,,,,,,,,,,.0892616994678974,
Khadamiya,2009,,,,,,,,,,,,,,,,,,,,,,,,
Khanaqin,2004,20.727222,17.223381,15.218043,15.975915,24.953268,6.3400002,,,,,,6.340000152587891,20.72722244262695,17.22338104248047,15.21804332733154,15.97591495513916,24.95326805114746,94.097832,0,94.097832,.063921638,.24954709,.0639216378331184,.2495470941066742
Khanaqin,2005,,,,,,6,21.299999,15.1,23.1,20,20.4,6,21.81814829508494,23.48225402832031,15.14536221822101,16.65060997009277,19.30217870076376,0,99.900002,96.398552,.33333334,.23085,.3333333432674408,.2308499962091446
Khanaqin,2006,,,,,,,,,,,,6.150000095367432,22.90907414754247,29.74112701416016,15.07268110911051,17.32530498504639,13.65108935038188,0,0,98.699272,,,.1995133869349957,.2281289994716644
Khanaqin,2007,24,36,15,18,8,6.3000002,,,,,,6.300000190734863,24,36,15,18,8,101,0,101,.065693431,.225408,.0656934306025505,.2254080027341843
Khanaqin,2008,,,,,,,,,,,,,,,,,,,,,,,0,
Khanaqin,2009,,,,,,,,,,,,,,,,,,,,,,,,
Kifri,2004,30.261309,10.069076,8.0291071,17.384289,21.039526,6.4000001,,,,,,6.400000095367432,30.26130867004395,10.06907558441162,8.029107093811035,17.3842887878418,21.03952598571777,86.783302,0,86.783302,.20702271,.24037977,.2070227116346359,.2403797656297684
Kifri,2005,,,,,,6.9000001,28,25.299999,28.4,12,6.1999998,6.900000095367432,24.1742057800293,16.04605038960654,14.68607139587402,18.25619252522802,17.69301732381246,0,99.899994,90.855537,.064220183,.235824,.0642201825976372,.2358240038156509
Kifri,2006,,,,,,,,,,,,6.600000143051148,18.08710289001465,22.02302519480327,21.34303569793701,19.12809626261401,14.34650866190623,0,0,94.927773,,,.0518469326198101,.2233970016241074
Kifri,2007,12,28,28,20,11,6.3000002,,,,,,6.300000190734863,12,28,28,20,11,99,0,99,.039473683,.21097,.039473682641983,.2109699994325638
Kifri,2008,,,,,,,,,,,,,,,,,,,,,,,.027100432664156,
Kifri,2009,,,,,,,,,,,,,,,,,,,,,,,,
Kirkuk,2004,14.435919,15.21737,21.347862,21.848007,26.313242,5.8699999,,,,,,5.869999885559082,14.4359188079834,15.21737003326416,21.34786224365234,21.84800720214844,26.31324195861816,99.162399,0,99.162399,.10423965,.22493389,.1042396500706673,.2249338924884796
Kirkuk,2005,,,,,,5.4000001,12,14.2,23.6,22.700001,27.6,5.400000095367432,17.29061253865621,18.81158002217671,21.23190816243488,19.56533813476563,22.54216130574605,0,100.1,99.441597,.19017094,.26681599,.19017094373703,.2668159902095795
Kirkuk,2006,,,,,,,,,,,,5.299999952316284,20.1453062693281,22.40579001108836,21.11595408121744,17.28266906738281,18.77108065287303,0,0,99.720802,,,.1222081128507853,.2637329995632172
Kirkuk,2007,23,26,21,15,15,5.1999998,,,,,,5.199999809265137,23,26,21,15,15,100,0,100,.054245282,.26065001,.0542452819645405,.2606500089168549
Kirkuk,2008,,,,,,,,,,,,,,,,,,,,,,,0,
Kirkuk,2009,,,,,,,,,,,,,,,,,,,,,,,,
Koisnjaq,2004,24.522804,10.388815,11.08865,19.847731,31.659212,5.1999998,,,,,,5.199999809265137,24.52280426025391,10.38881492614746,11.08864974975586,19.84773063659668,31.65921211242676,97.50721,0,97.50721,.10301831,.28358796,.1030183136463165,.2835879623889923
Koisnjaq,2005,,,,,,4.6999998,3.5999999,9.3000002,18.700001,23.1,45.299999,4.699999809265137,25.18186950683594,15.49254353841025,14.12576675415039,17.43182055155376,26.23947461446005,0,100,98.471474,.055357143,.334328,.0553571432828903,.3343279957771301
Koisnjaq,2006,,,,,,,,,,,,5,25.84093475341797,20.59627215067485,17.16288375854492,15.01591046651174,20.81973711649516,0,0,99.435738,,,.0514880958944559,.2785039991140366
Koisnjaq,2007,26.5,25.700001,20.200001,12.6,15.4,5.3000002,,,,,,5.300000190734863,26.5,25.70000076293945,20.20000076293945,12.60000038146973,15.39999961853027,100.4,0,100.4,.047619049,.22268,.0476190485060215,.222680002450943
Koisnjaq,2008,,,,,,,,,,,,,,,,,,,,,,,.0437500011175871,
Koisnjaq,2009,,,,,,,,,,,,,,,,,,,,,,,,
Kufa,2004,20.876905,23.769886,23.461178,17.773579,13.819075,5.9699998,,,,,,5.96999979019165,20.87690544128418,23.7698860168457,23.46117782592773,17.77357864379883,13.81907463073731,99.700623,0,99.700623,.11430806,.21240593,.1143080592155457,.2124059349298477
Kufa,2005,,,,,,6.3000002,10.2,14.7,32,18.700001,24.4,6.300000190734863,19.58460362752248,23.84659067789715,22.64078521728516,17.1823857625327,16.54604975382426,0,100.00001,99.800415,.098924726,.25139999,.0989247262477875,.2513999938964844
Kufa,2006,,,,,,,,,,,,6.350000143051148,18.29230181376124,23.92329533894858,21.82039260864258,16.59119288126635,19.27302487691213,0,0,99.900208,,,.1101059280335903,.2197749987244606
Kufa,2007,17,24,21,16,22,6.4000001,,,,,,6.400000095367432,17,24,21,16,22,100,0,100,.12128713,.18815,.1212871298193932,.1881500035524368
Kufa,2008,,,,,,,,,,,,,,,,,,,,,,,.132468331605196,
Kufa,2009,,,,,,,,,,,,,,,,,,,,,,,,
Kut,2004,19.92466,30.598965,20.868334,13.281868,13.391462,6.8099999,,,,,,6.809999942779541,19.92465972900391,30.59896469116211,20.86833381652832,13.28186798095703,13.39146232604981,98.065292,0,98.065292,.06081716,.23452342,.0608171597123146,.2345234155654907
Kut,2005,,,,,,6.0999999,10.7,15.1,19.6,27.6,27.1,6.099999904632568,17.61643981933594,31.39930979410792,20.24555587768555,15.52124532063863,14.2609748840332,0,100.1,99.043533,.15972222,.29427201,.1597222238779068,.2942720055580139
Kut,2006,,,,,,,,,,,,6.049999952316284,15.30821990966797,32.19965489705396,19.62277793884277,17.76062266031931,15.1304874420166,0,0,100.02176,,,.1111864112317562,.2613075077533722
Kut,2007,13,33,19,20,16,6,,,,,,6,13,33,19,20,16,101,0,101,.062650599,.22834301,.0626505985856056,.2283430099487305
Kut,2008,,,,,,,,,,,,,,,,,,,,,,,.014114785939455,
Kut,2009,,,,,,,,,,,,,,,,,,,,,,,,
Mada'in,2004,8.5074444,18.308136,34.23909,23.728092,14.172642,6.8000002,,,,,,6.800000190734863,8.507444381713867,18.30813598632813,34.23908996582031,23.72809219360352,14.17264175415039,98.955399,0,98.955399,.075823948,.19517142,.0758239477872849,.1951714158058167
Mada'in,2005,,,,,,5,21.299999,14.2,23.6,19.6,21.299999,5,15.3382962544747,21.87209065755269,29.492726643879,20.48539479573628,12.11509450276753,0,100,99.303612,.074007213,.28676701,.0740072131156921,.2867670059204102
Mada'in,2006,,,,,,,,,,,,5.200000047683716,22.16914812723735,25.43604532877635,24.7463633219395,17.24269739786814,10.05754725138377,0,0,99.651802,,,.0696612633764744,.2593760043382645
Mada'in,2007,29,29,20,14,8,5.4000001,,,,,,5.400000095367432,29,29,20,14,8,100,0,100,.065315314,.231985,.0653153136372566,.2319850027561188
Mada'in,2008,,,,,,,,,,,,,,,,,,,,,,,.0609693638980389,
Mada'in,2009,,,,,,,,,,,,,,,,,,,,,,,,
Mahmoudiya,2004,18.318174,21.751053,19.870117,18.590803,19.791056,6.6999998,,,,,,6.699999809265137,18.31817436218262,21.75105285644531,19.8701171875,18.59080314636231,19.79105567932129,98.321205,0,98.321205,.086091258,.24266665,.0860912576317787,.2426666468381882
Mahmoudiya,2005,,,,,,7.9000001,4.9000001,24.9,29.299999,16.9,24,7.900000095367432,12.21211624145508,22.16736857096362,24.91341145833212,20.39386876424123,18.86070378621434,0,100,98.54747,.0039840639,.45225,.0039840638637543,.4522500038146973
Mahmoudiya,2006,,,,,,,,,,,,7.950000047683716,6.106058120727539,22.58368428548181,29.95670572916606,22.19693438212062,17.93035189310717,0,0,98.773735,,,.0164151089265943,.3146010041236877
Mahmoudiya,2007,0,23,35,24,17,8,,,,,,8,0,23,35,24,17,99,0,99,.028846154,.176952,.0288461539894342,.1769520044326782
Mahmoudiya,2008,,,,,,,,,,,,,,,,,,,,,,,.0412771990522742,
Mahmoudiya,2009,,,,,,,,,,,,,,,,,,,,,,,,
Makhmur,2004,50,30.000002,20,0,0,9.1999998,,,,,,9.199999809265137,50,30.00000190734863,20,0,0,100,0,100,.11111111,.17391589,.1111111119389534,.1739158928394318
Makhmur,2005,,,,,,,,,,,,8.033333142598167,37.33333333333576,23.66666793823242,16.66666666666606,8.333333333335759,14,0,0,100,,,.0823453733076605,.186814929048218
Makhmur,2006,,,,,,,,,,,,6.866666475931652,24.66666666666788,17.33333396911621,13.33333333333303,16.66666666666788,28,0,0,100,,,.0535796346763746,.1997139652570077
Makhmur,2007,12,11,10,25,42,5.6999998,,,,,,5.699999809265137,12,11,10,25,42,100,0,100,.024813896,.212613,.0248138960450888,.2126130014657974
Makhmur,2008,,,,,,,,,,,,,,,,,,,,,,,.019196305423975,
Makhmur,2009,,,,,,,,,,,,,,,,,,,,,,,,
Mergasur,2004,4.2371731,10.557687,30.496067,35.637386,19.071686,5.1599998,,,,,,5.159999847412109,4.237173080444336,10.5576868057251,30.49606704711914,35.63738632202148,19.07168579101563,100,0,100,.040409073,.17490502,.0404090732336044,.1749050170183182
Mergasur,2005,,,,,,,,,,,,5.273333231608092,6.824782053628951,14.70512453715128,24.66404469807821,28.75825754801554,25.38112386067587,0,0,100.33334,,,.0300766372432335,.1926640123128891
Mergasur,2006,,,,,,,,,,,,5.386666615804046,9.412391026814476,18.85256226857564,18.83202234903911,21.87912877400777,31.69056193033794,0,0,100.66666,,,.019744201252859,.21042300760746
Mergasur,2007,12,23,13,15,38,5.5,,,,,,5.5,12,23,13,15,38,101,0,101,.0094117653,.228182,.0094117652624846,.2281820029020309
Mergasur,2008,,,,,,,,,,,,,,,,,,,,,,,.0046909606705103,
Mergasur,2009,,,,,,,,,,,,,,,,,,,,,,,,
Mosul,2004,24.26354,28.204029,17.099384,16.264845,12.750808,7.25,,,,,,7.25,24.26354026794434,28.20402908325195,17.09938430786133,16.26484489440918,12.750807762146,98.582611,0,98.582611,.084983565,.22895512,.0849835649132729,.2289551198482513
Mosul,2005,,,,,,5.6999998,16.9,19.1,21.299999,24.9,17.799999,5.699999809265137,24.17569351196289,28.80268605550145,18.73292287190725,16.17656326293945,11.16720517476369,0,100,99.055069,.12681912,.23562001,.1268191188573837,.2356200069189072
Mosul,2006,,,,,,,,,,,,5.799999952316284,24.08784675598145,29.40134302775073,20.36646143595362,16.08828163146973,9.583602587381847,0,0,99.527534,,,.1287248730659485,.2249250039458275
Mosul,2007,24,30,22,16,8,5.9000001,,,,,,5.900000095367432,24,30,22,16,8,100,0,100,.13063063,.21423,.1306306272745132,.2142300009727478
Mosul,2008,,,,,,,,,,,,,,,,,,,,,,,.132536381483078,
Mosul,2009,,,,,,,,,,,,,,,,,,,,,,,,
Najaf,2004,21.957703,24.159336,19.150314,15.534319,16.812901,5.8400002,,,,,,5.840000152587891,21.95770263671875,24.15933609008789,19.15031433105469,15.5343189239502,16.81290054321289,97.614563,0,97.614563,.11177276,.2076246,.1117727607488632,.2076245993375778
Najaf,2005,,,,,,6,5.3000002,17.299999,28.9,24.9,23.6,6,18.30513509114644,25.10622406005859,19.43354288736987,17.02287928263377,18.54193369547556,0,100,98.409714,.13245033,.23108399,.1324503272771835,.2310839891433716
Najaf,2006,,,,,,,,,,,,5.950000047683716,14.65256754557322,26.0531120300293,19.71677144368493,18.51143964131688,20.27096684773778,0,0,99.204857,,,.1103752739727497,.2375834882259369
Najaf,2007,11,27,20,20,22,5.9000001,,,,,,5.900000095367432,11,27,20,20,22,100,0,100,.088300221,.24408299,.0883002206683159,.2440829873085022
Najaf,2008,,,,,,,,,,,,,,,,,,,,,,,.0662251673638821,
Najaf,2009,,,,,,,,,,,,,,,,,,,,,,,,
Nassriya,2004,25.829729,20.887327,20.344969,18.643496,13.021597,6.8200002,,,,,,6.820000171661377,25.8297290802002,20.88732719421387,20.34496879577637,18.64349555969238,13.02159690856934,98.727119,0,98.727119,.14478819,.17387857,.1447881907224655,.1738785654306412
Nassriya,2005,,,,,,7.0999999,20,18.200001,28.9,15.1,17.799999,7.099999904632568,23.21981938680074,20.92488479614258,21.22997919718409,19.09566370646166,14.68106460571289,0,100,99.151413,.21718377,.20467201,.2171837687492371,.2046720087528229
Nassriya,2006,,,,,,,,,,,,7.149999856948853,20.60990969340037,20.96244239807129,22.11498959859205,19.54783185323083,16.34053230285645,0,0,99.575699,,,.1995009779930115,.198573000729084
Nassriya,2007,18,21,23,20,18,7.1999998,,,,,,7.199999809265137,18,21,23,20,18,100,0,100,.18181819,.19247399,.1818181872367859,.1924739927053452
Nassriya,2008,,,,,,,,,,,,,,,,,,,,,,,.1641353964805603,
Nassriya,2009,,,,,,,,,,,,,,,,,,,,,,,,
Penjwin,2004,30.382315,8.5047092,19.043264,7.5800614,21.214687,6.1300001,,,,,,6.130000114440918,30.38231468200684,8.504709243774414,19.04326438903809,7.580061435699463,21.21468734741211,86.725037,0,86.725037,.12489457,.24260668,.1248945742845535,.2426066845655441
Penjwin,2005,,,,,,6,35.700001,19.200001,14.7,13.8,16.5,6,27.25487645467183,15.33647282918173,20.02884292602539,9.386707623799339,19.14312489827535,0,99.900002,91.150032,.018711017,.30444002,.0187110174447298,.3044400215148926
Penjwin,2006,,,,,,,,,,,,5.799999952316284,24.12743822733592,22.16823641459087,21.0144214630127,11.19335381189967,17.07156244913767,0,0,95.575012,,,.019186969846487,.2563965171575546
Penjwin,2007,21,29,22,13,15,5.5999999,,,,,,5.599999904632568,21,29,22,13,15,100,0,100,.019662922,.20835301,.0196629222482443,.2083530128002167
Penjwin,2008,,,,,,,,,,,,,,,,,,,,,,,.0201388746500015,
Penjwin,2009,,,,,,,,,,,,,,,,,,,,,,,,
Pshdar,2004,23.933826,16.566931,17.027597,19.401587,15.359444,6.3499999,,,,,,6.349999904632568,23.9338264465332,16.56693077087402,17.02759742736816,19.40158653259277,15.35944366455078,92.289383,0,92.289383,.087066084,.25791073,.0870660841464996,.2579107284545898
Pshdar,2005,,,,,,5.6999998,15.2,13,23.200001,19.6,29,5.699999809265137,23.9558842976888,21.37795384724814,18.35173161824514,17.26772435506246,13.90629577636719,0,100,94.859589,.096774198,.27462399,.096774198114872,.2746239900588989
Pshdar,2006,,,,,,,,,,,,5.5,23.9779421488444,26.18897692362407,19.67586580912257,15.13386217753123,12.45314788818359,0,0,97.429802,,,.089518204331398,.2404849976301193
Pshdar,2007,24,31,21,13,11,5.3000002,,,,,,5.300000190734863,24,31,21,13,11,100,0,100,.082262211,.20634601,.082262210547924,.2063460052013397
Pshdar,2008,,,,,,,,,,,,,,,,,,,,,,,.0750062167644501,
Pshdar,2009,,,,,,,,,,,,,,,,,,,,,,,,
Qal'at Saleh,2004,6.0473099,25.403162,27.297628,25.145948,13.970325,7.3600001,,,,,,7.360000133514404,6.047309875488281,25.40316200256348,27.29762840270996,25.14594841003418,13.9703254699707,97.86438,0,97.86438,.057983313,.22240357,.0579833127558231,.2224035710096359
Qal'at Saleh,2005,,,,,,5.9000001,11.1,8.3999996,19.1,32.900002,28.4,5.900000095367432,4.698206583659157,21.60210800170898,28.19841893514013,27.43063227335551,16.98021697998047,0,99.900002,98.909584,.27539063,.21629301,.275390625,.2162930071353912
Qal'at Saleh,2006,,,,,,,,,,,,7.250000238418579,3.349103291829579,17.80105400085449,29.09920946757006,29.71531613667776,19.99010848999023,0,0,99.954788,,,.1902559585869312,.1860005035996437
Qal'at Saleh,2007,2,14,30,32,23,8.6000004,,,,,,8.600000381469727,2,14,30,32,23,101,0,101,.10512129,.155708,.1051212921738625,.1557080000638962
Qal'at Saleh,2008,,,,,,,,,,,,,,,,,,,,,,,.0199866257607937,
Qal'at Saleh,2009,,,,,,,,,,,,,,,,,,,,,,,,
Ramadi,2004,26.627285,20.035843,18.38979,18.233538,15.628735,8.7200003,,,,,,8.720000267028809,26.62728500366211,20.03584289550781,18.38978958129883,18.2335376739502,15.62873458862305,98.915192,0,98.915192,.089457951,.22670171,.0894579514861107,.2267017066478729
Ramadi,2005,,,,,,7,4.9000001,12.4,27.1,27.1,28.4,7,25.41819000244141,20.02389526367188,18.25985972086585,18.4890251159668,17.08582305908203,0,99.900002,99.276794,.096837945,.248151,.0968379452824593,.2481510043144226
Ramadi,2006,,,,,,,,,,,,7.25,24.2090950012207,20.01194763183594,18.12992986043292,18.7445125579834,18.54291152954102,0,0,99.638397,,,.1361153088510037,.2193630039691925
Ramadi,2007,23,20,18,19,20,7.5,,,,,,7.5,23,20,18,19,20,100,0,100,.17539267,.190575,.175392672419548,.1905750036239624
Ramadi,2008,,,,,,,,,,,,,,,,,,,,,,,.2146700359880924,
Ramadi,2009,,,,,,,,,,,,,,,,,,,,,,,,
Rania,2004,30.797607,12.386136,19.531586,18.049088,17.391464,6.46,,,,,,6.460000038146973,30.797607421875,12.38613605499268,19.53158569335938,18.04908752441406,17.39146423339844,98.155884,0,98.155884,.076770134,.21836463,.0767701342701912,.2183646261692047
Rania,2005,,,,,,5.9000001,13.4,17.4,24.6,22.799999,21.9,5.900000095367432,28.53173828125,18.257424036663,20.35439046223974,16.69939168294241,14.92764282226563,0,100.1,98.770592,.18421052,.22878,.1842105239629746,.2287800014019013
Rania,2006,,,,,,,,,,,,5.549999952316284,26.265869140625,24.1287120183315,21.17719523111987,15.3496958414712,12.46382141113281,0,0,99.385292,,,.1530808731913567,.2169900014996529
Rania,2007,24,30,22,14,10,5.1999998,,,,,,5.199999809265137,24,30,22,14,10,100,0,100,.12195122,.2052,.1219512224197388,.2052000015974045
Rania,2008,,,,,,,,,,,,,,,,,,,,,,,.0908215716481209,
Rania,2009,,,,,,,,,,,,,,,,,,,,,,,,
Samarra,2004,36.897358,22.914688,17.766739,4.659286,8.3681784,10.14,,,,,,10.14000034332275,36.89735794067383,22.91468811035156,17.76673889160156,4.659286022186279,8.368178367614746,90.606247,0,90.606247,.018342055,.28176484,.0183420553803444,.2817648351192474
Samarra,2005,,,,,,7.5,11.2,20.5,32.099998,18.299999,17.9,7.5,29.93157196044922,22.94312540690105,19.17782592773438,10.7728573481254,10.91211891174316,0,100,93.737495,.11411992,.26884601,.1141199246048927,.2688460052013397
Samarra,2006,,,,,,,,,,,,6.950000047683716,22.96578598022461,22.97156270345052,20.58891296386719,16.8864286740627,13.45605945587158,0,0,96.868752,,,.1005955822765827,.2337249964475632
Samarra,2007,16,23,22,23,16,6.4000001,,,,,,6.400000095367432,16,23,22,23,16,100,0,100,.08707124,.19860399,.0870712399482727,.1986039876937866
Samarra,2008,,,,,,,,,,,,,,,,,,,,,,,.0735468976199627,
Samarra,2009,,,,,,,,,,,,,,,,,,,,,,,,
Shaqlawa,2004,14.923483,21.908224,17.294641,27.87306,12.040533,5.5799999,,,,,,5.579999923706055,14.92348289489746,21.90822410583496,17.29464149475098,27.87306022644043,12.0405330657959,94.039948,0,94.039948,.017456466,.21224478,.017456466332078,.2122447788715363
Shaqlawa,2005,,,,,,,,,,,,5.65333334604901,19.28232192993164,20.93881607055664,16.86309432983398,23.91537348429301,15.02702204386333,0,0,96.026627,,,.0264891286691054,.21290651957194
Shaqlawa,2006,,,,,,,,,,,,5.726666768391937,23.64116096496582,19.96940803527832,16.43154716491699,19.95768674214651,18.01351102193166,0,0,98.013313,,,.0355217910061292,.2135682602723439
Shaqlawa,2007,28,19,16,16,21,5.8000002,,,,,,5.800000190734863,28,19,16,16,21,100,0,100,.044554453,.21423,.044554453343153,.2142300009727478
Shaqlawa,2008,,,,,,,,,,,,,,,,,,,,,,,.0573979318141937,
Shaqlawa,2009,,,,,,,,,,,,,,,,,,,,,,,,
Sharbazher,2004,21.871237,6.8949289,9.3152132,11.872519,40.639965,5.0300002,,,,,,5.03000020980835,21.87123680114746,6.894928932189941,9.315213203430176,11.87251853942871,40.63996505737305,90.593857,0,90.593857,.049687393,.26195437,.0496873930096626,.2619543671607971
Sharbazher,2005,,,,,,5.3000002,10.3,21.9,25.5,25.5,17,5.300000190734863,21.58082453409838,15.92995262145996,11.87680880228618,12.91501235961914,31.42664337158203,0,100.2,93.72924,.0013605442,.487376,.0013605442363769,.4873760044574738
Sharbazher,2006,,,,,,,,,,,,5.150000095367432,21.29041226704919,24.96497631072998,14.43840440114309,13.95750617980957,22.21332168579102,0,0,96.864624,,,.0189284464577213,.3690219968557358
Sharbazher,2007,21,34,17,15,13,5,,,,,,5,21,34,17,15,13,100,0,100,.036496349,.25066799,.0364963486790657,.2506679892539978
Sharbazher,2008,,,,,,,,,,,,,,,,,,,,,,,.0540642509004101,
Sharbazher,2009,,,,,,,,,,,,,,,,,,,,,,,,
Shatt Al-Arab,2004,8.0832396,14.285247,40.230518,17.440857,19.171673,6.27,,,,,,6.269999980926514,8.083239555358887,14.28524684906006,40.23051834106445,17.44085693359375,19.17167282104492,99.211533,0,99.211533,.12858225,.1988219,.1285822540521622,.1988219022750855
Shatt Al-Arab,2005,,,,,,7.5999999,18.700001,20.4,20,22.200001,18.700001,7.599999904632568,7.722159703572515,18.85683123270792,34.82034556071085,18.62723795572947,19.7811152140298,0,100,99.807686,.12727273,.22464001,.1272727251052856,.2246400117874146
Shatt Al-Arab,2006,,,,,,,,,,,,7,7.361079851786258,23.42841561635396,29.41017278035542,19.81361897786474,20.3905576070149,0,0,100.40385,,,.1079254075884819,.2184765040874481
Shatt Al-Arab,2007,7,28,24,21,21,6.4000001,,,,,,6.400000095367432,7,28,24,21,21,101,0,101,.08857809,.212313,.0885780900716782,.2123129963874817
Shatt Al-Arab,2008,,,,,,,,,,,,,,,,,,,,,,,.0692307725548744,
Shatt Al-Arab,2009,,,,,,,,,,,,,,,,,,,,,,,,
Sinjar,2004,40.632423,25.242821,12.945175,14.603862,4.5924835,8.3000002,,,,,,8.300000190734863,40.63242340087891,25.24282073974609,12.94517517089844,14.60386180877686,4.592483520507813,98.016762,0,98.016762,.037947349,.17536642,.0379473492503166,.1753664165735245
Sinjar,2005,,,,,,6.5,37.299999,26.700001,20,9.3000002,6.6999998,6.5,38.75494893391897,20.49521382649618,15.63011678059957,14.40257453918457,9.394989013671875,0,100,98.677841,.076036863,.207718,.0760368630290031,.2077179998159409
Sinjar,2006,,,,,,,,,,,,6,36.87747446695948,15.74760691324809,18.31505839029978,14.20128726959229,14.19749450683594,0,0,99.338921,,,.0650454573333263,.1931615024805069
Sinjar,2007,35,11,21,14,19,5.5,,,,,,5.5,35,11,21,14,19,100,0,100,.054054052,.17860501,.0540540516376495,.1786050051450729
Sinjar,2008,,,,,,,,,,,,,,,,,,,,,,,.0430626459419727,
Sinjar,2009,,,,,,,,,,,,,,,,,,,,,,,,
Soran,2004,10.088111,17.874884,16.374264,24.018782,26.745281,5.29,,,,,,5.289999961853027,10.08811092376709,17.8748836517334,16.37426376342773,24.01878166198731,26.74528121948242,95.101318,0,95.101318,.052769028,.18047492,.0527690276503563,.1804749220609665
Soran,2005,,,,,,,,,,,,5.359999974568666,16.72540728251261,17.24992243448878,16.24950917561847,20.6791877746582,25.8301874796548,0,0,96.734207,,,.0413197024414913,.1885756154855116
Soran,2006,,,,,,,,,,,,5.429999987284333,23.3627036412563,16.62496121724439,16.12475458780924,17.3395938873291,24.9150937398274,0,0,98.367104,,,.0298703772326299,.1966763089100532
Soran,2007,30,16,16,14,24,5.5,,,,,,5.5,30,16,16,14,24,100,0,100,.018421052,.204777,.0184210520237684,.2047770023345947
Soran,2008,,,,,,,,,,,,,,,,,,,,,,,.0226924405433238,
Soran,2009,,,,,,,,,,,,,,,,,,,,,,,,
Sulaymaniya,2004,13.650979,7.7472506,15.961869,19.59403,29.384714,5.3699999,,,,,,5.369999885559082,13.65097904205322,7.747250556945801,15.96186923980713,19.59403038024902,29.38471412658691,86.338844,0,86.338844,.10791628,.2891953,.1079162806272507,.2891952991485596
Sulaymaniya,2005,,,,,,5,8.5,10.8,15.7,23.799999,41.299999,5,10.76731936136821,7.831500371297182,16.64124615987157,20.3960202534995,35.58980941772461,0,100.1,91.225891,.10294118,.28779799,.1029411777853966,.2877979874610901
Sulaymaniya,2006,,,,,,,,,,,,5,7.883659680684104,7.915750185648591,17.32062307993579,21.19801012674975,41.79490470886231,0,0,96.112946,,,.080540357157588,.2815989851951599
Sulaymaniya,2007,5,8,18,22,48,5,,,,,,5,5,8,18,22,48,101,0,101,.058139537,.27539998,.0581395365297794,.2753999829292297
Sulaymaniya,2008,,,,,,,,,,,,,,,,,,,,,,,.0357387159019709,
Sulaymaniya,2009,,,,,,,,,,,,,,,,,,,,,,,,
Sumel,2004,18.981256,11.232926,22.406029,22.665043,19.416271,7.0300002,,,,,,7.03000020980835,18.98125648498535,11.23292636871338,22.40602874755859,22.66504287719727,19.4162712097168,94.701523,0,94.701523,.16712308,.15906586,.1671230792999268,.1590658575296402
Sumel,2005,,,,,,,,,,,,7.153333504994691,20.3208376566572,15.82195091247559,19.937352498373,20.77669525146484,19.61084747314453,0,0,96.467682,,,.1435791303714069,.1643419017394372
Sumel,2006,,,,,,,,,,,,7.276666800181062,21.6604188283286,20.41097545623779,17.4686762491865,18.88834762573242,19.80542373657227,0,0,98.233841,,,.1200351814428942,.169617945949236
Sumel,2007,23,25,15,17,20,7.4000001,,,,,,7.400000095367432,23,25,15,17,20,100,0,100,.096491233,.17489399,.0964912325143814,.1748939901590347
Sumel,2008,,,,,,,,,,,,,,,,,,,,,,,.1140352326134817,
Sumel,2009,,,,,,,,,,,,,,,,,,,,,,,,
Suq Al-Shoyokh,2004,17.717627,27.550121,24.157221,16.365236,12.562222,7.5500002,,,,,,7.550000190734863,17.71762657165527,27.55012130737305,24.1572208404541,16.36523628234863,12.56222248077393,98.352425,0,98.352425,.090353616,.16533056,.0903536155819893,.1653305590152741
Suq Al-Shoyokh,2005,,,,,,7.5,45.799999,20,13.8,12,8.3999996,7.5,15.81175104777049,24.70008087158203,23.77148056030273,18.91015752156636,16.04148165384868,0,100.00001,99.234947,.2578125,.1767,.2578125,.1766999959945679
Suq Al-Shoyokh,2006,,,,,,,,,,,,7.450000047683716,13.90587552388524,21.85004043579102,23.38574028015137,21.45507876078318,19.52074082692434,0,0,100.11748,,,.2023659646511078,.186089999973774
Suq Al-Shoyokh,2007,12,19,23,24,23,7.4000001,,,,,,7.400000095367432,12,19,23,24,23,101,0,101,.14691943,.19548,.1469194293022156,.19548000395298
Suq Al-Shoyokh,2008,,,,,,,,,,,,,,,,,,,,,,,.0914728939533234,
Suq Al-Shoyokh,2009,,,,,,,,,,,,,,,,,,,,,,,,
Tarmia,2004,16.914709,19.556561,27.411873,17.767225,18.349632,6.6100001,,,,,,6.610000133514404,16.91470909118652,19.55656051635742,27.41187286376953,17.76722526550293,18.34963226318359,100,0,100,.019156387,.27682215,.0191563870757818,.2768221497535706
Tarmia,2005,,,,,,7.1999998,2.2,3.5999999,5.3000002,14.7,74.199997,7.199999809265137,12.2764727274589,15.70437367757222,25.94124857584666,25.51148351033407,20.56642150878906,0,100,100,.032019705,.49675196,.032019704580307,.4967519640922546
Tarmia,2006,,,,,,,,,,,,7.799999713897705,7.638236363729448,11.85218683878611,24.47062428792333,33.25574175516704,22.78321075439453,0,0,100,,,.0230028592050076,.3332579806447029
Tarmia,2007,3,8,23,41,25,8.3999996,,,,,,8.399999618530273,3,8,23,41,25,100,0,100,.013986014,.169764,.0139860138297081,.1697639971971512
Tarmia,2008,,,,,,,,,,,,,,,,,,,,,,,.0049691684544086,
Tarmia,2009,,,,,,,,,,,,,,,,,,,,,,,,
Telafar,2004,40.557087,25.544882,9.1444035,17.289417,6.8557119,7.54,,,,,,7.539999961853027,40.55708694458008,25.54488182067871,9.144403457641602,17.2894172668457,6.855711936950684,99.391495,0,99.391495,.082031563,.20213863,.0820315629243851,.2021386325359345
Telafar,2005,,,,,,5.5999999,43.599998,24.4,20.4,8.3999996,3.0999999,5.599999904632568,45.70472462971884,25.02992121378566,10.09626897176122,13.85961151123047,4.903807957966819,0,99.900002,99.59433,.14698794,.19824,.1469879448413849,.1982399970293045
Telafar,2006,,,,,,,,,,,,5.549999952316284,50.85236231485942,24.51496060689283,11.04813448588061,10.42980575561523,2.95190397898341,0,0,99.797165,,,.168854795396328,.1860979944467545
Telafar,2007,56,24,12,7,1,5.5,,,,,,5.5,56,24,12,7,1,100,0,100,.19072165,.17395599,.1907216459512711,.1739559918642044
Telafar,2008,,,,,,,,,,,,,,,,,,,,,,,.2125884965062141,
Telafar,2009,,,,,,,,,,,,,,,,,,,,,,,,
Tikrit,2004,33.298668,21.953695,10.275175,12.974284,15.238346,8.3199997,,,,,,8.319999694824219,33.29866790771484,21.95369529724121,10.27517509460449,12.97428417205811,15.23834609985352,93.740173,0,93.740173,.069007985,.23861323,.0690079852938652,.2386132329702377
Tikrit,2005,,,,,,7.5,16,13.8,16.4,21.799999,32,7.5,25.53244527180868,19.63579686482808,11.85011672973633,15.98285611470601,22.82556406657022,0,100,95.826775,.15384614,.24620201,.1538461446762085,.2462020069360733
Tikrit,2006,,,,,,,,,,,,7.5,17.76622263590434,17.31789843241404,13.42505836486816,18.99142805735301,30.41278203328511,0,0,97.913383,,,.1462300047278404,.2248910069465637
Tikrit,2007,10,15,15,22,38,7.5,,,,,,7.5,10,15,15,22,38,100,0,100,.13861386,.20358001,.1386138647794724,.2035800069570541
Tikrit,2008,,,,,,,,,,,,,,,,,,,,,,,.1309977248311043,
Tikrit,2009,,,,,,,,,,,,,,,,,,,,,,,,
Tilkaif,2004,18.004295,28.120882,21.366589,16.839411,14.703673,6.6100001,,,,,,6.610000133514404,18.00429534912109,28.12088203430176,21.3665885925293,16.83941078186035,14.70367336273193,99.034843,0,99.034843,.10871939,.17996311,.1087193936109543,.1799631118774414
Tilkaif,2005,,,,,,7.1999998,33.799999,22.200001,21.299999,12.9,9.8000002,7.199999809265137,24.66953023274618,27.41392135620117,19.24439239501953,15.22627385457327,13.13578224182129,0,100.00001,99.689896,.15913978,.20292901,.1591397821903229,.2029290050268173
Tilkaif,2006,,,,,,,,,,,,7,31.33476511637309,26.70696067810059,17.12219619750977,13.61313692728663,11.56789112091065,0,0,100.34496,,,.1334546022117138,.193668507039547
Tilkaif,2007,38,26,15,12,10,6.8000002,,,,,,6.800000190734863,38,26,15,12,10,101,0,101,.10776942,.18440801,.1077694222331047,.1844080090522766
Tilkaif,2008,,,,,,,,,,,,,,,,,,,,,,,.0820842422544956,
Tilkaif,2009,,,,,,,,,,,,,,,,,,,,,,,,
Tooz,2004,40.355034,17.864019,12.749971,10.052052,8.6593046,7.5100002,,,,,,7.510000228881836,40.35503387451172,17.8640193939209,12.74997138977051,10.05205154418945,8.659304618835449,89.680374,0,89.680374,.084065296,.19720508,.0840652957558632,.1972050815820694
Tooz,2005,,,,,,6.9000001,12,16.4,25.799999,23.1,22.700001,6.900000095367432,35.90335591633993,20.24267959594727,13.8333142598467,12.03470102945994,11.10620307922363,0,100,93.120247,.17441861,.214775,.1744186133146286,.2147749960422516
Tooz,2006,,,,,,,,,,,,6.600000143051148,31.45167795816997,22.62133979797363,14.91665712992335,14.01735051472997,13.55310153961182,0,0,96.560127,,,.1382297165691853,.2261874973773956
Tooz,2007,27,25,16,16,16,6.3000002,,,,,,6.300000190734863,27,25,16,16,16,100,0,100,.10204082,.2376,.1020408198237419,.2375999987125397
Tooz,2008,,,,,,,,,,,,,,,,,,,,,,,.0658519230782986,
Tooz,2009,,,,,,,,,,,,,,,,,,,,,,,,
Zakho,2004,21.469511,21.414841,16.847033,15.636045,22.993502,7.3000002,,,,,,7.300000190734863,21.46951103210449,21.41484069824219,16.84703254699707,15.6360445022583,22.99350166320801,98.360931,0,98.360931,.14528352,.16028026,.1452835202217102,.1602802574634552
Zakho,2005,,,,,,,,,,,,7.233333428700746,20.97967402140307,20.94322713216138,15.89802169799805,16.42402966817235,24.9956677754717,0,0,99.240616,,,.1170068134864124,.1732475062211378
Zakho,2006,,,,,,,,,,,,7.166666666666657,20.48983701070154,20.47161356608069,14.94901084899902,17.21201483408618,26.99783388773585,0,0,100.12031,,,.0887301067511217,.1862147549788169
Zakho,2007,20,20,14,18,29,7.0999999,,,,,,7.099999904632568,20,20,14,18,29,101,0,101,.0604534,.199182,.060453400015831,.199182003736496
Zakho,2008,,,,,,,,,,,,,,,,,,,,,,,.0656303328772392,
Zakho,2009,,,,,,,,,,,,,,,,,,,,,,,,
